Name,Position
Jude Bellingham,MOC
Raúl García,BU
Toni Kroos,MG
Arda Güler,AD
Juanma Herzog,DC
Lucas Vázquez,DD
Federico Valverde,MD
Frenkie de Jong,MC
Brahim Díaz,BU
Vinícius Júnior,BU
İlkay Gündoğan,MC
Eduardo Camavinga,MG
Lamine Yamal,BU
Joselu,BU
Aurélien Tchouameni,MDC
Thibaut Courtois,G
Luka Modrić,MOC
Fran Vieites,G
Aleix García,MDC
Jesús Owono,G
Reinildo,DC
Raphinha,BU
Jules Koundé,DD
Daley Blind,DC
Rodrygo,BU
Daniel Carvajal,DD
Eric García,DC
Robert Lewandowski,BU
Marcos Alonso,DG
Takefusa Kubo,BU
Antoine Griezmann,BU
João Cancelo,DG
Andriy Lunin,G
Ángel Correa,BU
Iván Cuéllar,G
Dani Ceballos,MC
Sávio,AG
Isco,MOC
Rodrigo De Paul,MC
Iñaki Williams,AD
Paulo Gazzaniga,G
Marc-André ter Stegen,G
Johnny Cardoso,MDC
Alexander Sørloth,BU
Guido Rodríguez,MDC
Ferland Mendy,DG
João Félix,BU
Gorka Guruzeta,BU
Pepe Reina,G
David Alaba,DC
Sergio Ramos,DC
Samuel Lino,MG
Axel Witsel,DC
Miguel Gutiérrez,DG
Gavi,MC
Pedri,MC
Íñigo Martínez,DC
Jeremías Ledesma,G
Giorgi Mamardashvili,G
Nico Williams,AG
Artem Dovbyk,BU
Valery Fernández,MG
Julen Agirrezabala,G
Kepa Arrizabalaga,G
Koke,MC
Fran García,DG
Álex Remiro,G
Viktor Tsygankov,MD
Unai Simón,G
Bertrand Traoré,MD
Yuri Berchiche,DG
Luís Maximiano,G
Martín Zubimendi,MC
Filip Jørgensen,G
Kirian Rodríguez,MC
Yerson Mosquera,DC
Álvaro Vallés,G
Nacho Fernández,DC
Ronald Araújo,DC
David Gil,G
Mario Hermoso,DC
Ørjan Nyland,G
Jan Oblak,G
Anastasios Douvikas,BU
Predrag Rajković,G
David Soria,G
Antonio Sivera,G
Ante Budimir,BU
Dani Parejo,MC
Randy Nteka,BU
Antonio Rüdiger,DC
Erik Lamela,AG
Iván Martín,MC
Vicente Guaita,G
Fernando,MDC
Iago Aspas,BU
Damián Rodríguez,MC
Pepelu,MC
Sergio Herrera,G
Enes Ünal,BU
Yangel Herrera,MC
Pablo Fornals,AD
Florian Lejeune,DC
César Azpilicueta,DC
Gerard Moreno,BU
Daniel Vivian,DC
Mouctar Diakhaby,DC
Ayoze Pérez,AG
Jaílson,DC
Williot Swedberg,BU
Mikel Merino,MC
Claudio Bravo,G
Germán Pezzella,DC
Ander Herrera,MDC
Beñat Prados,MDC
Andrés Guardado,MDC
Carl Starfelt,DC
Stole Dimitrievski,G
Luiz Henrique,AD
Pau Cubarsí,DC
David López,DC
Éder Militão,DC
Óscar de Marcos,DD
Hugo Álvarez,MG
Sergi Cardona,DG
Andreas Christensen,DC
Adrià Pedrosa,DG
Saúl Ñíguez,MC
Yannick Carrasco,DLG
Borja Mayoral,BU
Yan Couto,DD
Renato Tapia,MC
Jorge Cuenca,DC
Sergi Roberto,MC
Antonio Raíllo,DC
Aleksandar Radovanović,DC
Boubakary Soumaré,MC
Carlos Vicente,AD
Nahuel Tenaglia,DC
David García,DC
Mohamed-Ali Cho,BU
Héctor Fort,DG
Íñigo Ruíz de Galarreta,MDC
Alejandro Baldé,DG
Lucas Robertone,MDC
Malcom Ares,AG
Luiz Felipe,DC
Oriol Romeu,MC
Rodrigo Riquelme,MG
Gonçalo Guedes,BU
Faitout Maouassa,DG
Nemanja Gudelj,DC
Aitor Ruibal,DD
Nabil Fekir,MOC
Unai Núñez,DC
Juan Miranda,DG
Mason Greenwood,MD
Arnau Martínez,DD
Álvaro Morata,BU
Juan Foyth,DD
Rui Silva,G
Loïc Badé,DC
Marko Dmitrović,G
Aritz Elustondo,DC
Yassine Bounou,G
Oihan Sancet,MOC
Marc Guiu,BU
Sergio Arribas,MOC
Brais Méndez,MC
Ivan Rakitić,MC
Alberto Moreno,DG
Manu Morlanes,MC
Marc Roca,MDC
Sheraldo Becker,BU
Augusto Batalla,G
Santi Comesaña,MC
Robin Le Normand,DC
Aïssa Mandi,DC
Portu,MOC
Hugo Duro,BU
Eric Bailly,DC
Sergi Darder,MC
Mikel Vesga,MDC
Jonathan Viera,MOC
Fernando Martínez,G
Jon Pacheco,DC
Íñigo Lekue,DG
Mikel Oyarzabal,BU
Chadi Riad,DC
Jonathan Bamba,MG
Hamari Traoré,DD
Giuliano Simeone,AG
Ferran Torres,BU
Kike García,BU
Pablo Barrios,MC
Mika Màrmol,DC
Iñaki Peña,G
Vedat Muriqi,BU
Jørgen Strand Larsen,BU
José Gayà,DG
Pep Chavarría,DG
Luis Suárez,BU
Kiko Femenía,DD
Pathé Ciss,MC
Sokratis Papastathopoulos,DC
Aiham Hanz Ousou,DC
Álex Baena,MG
Yeray Álvarez,DC
Juanlu Sánchez,DD
Imanol,DG
José María Giménez,DC
Franco Cervi,MG
Youssef En-Nesyri,BU
Isaac Romero,BU
Mihailo Ristić,DG
Julián Araujo,DD
Igor Zubeldía,DC
Armando Gabriel Paulista,DC
Suso,MC
Francis Coquelin,MC
Lucas Ocampos,BU
Stefan Savić,DC
Lucien Agoumé,MC
Álex Suárez,DD
Fermín,MC
Nemanja Maksimović,MC
Marcão,DC
André Ferreira,G
Memphis Depay,BU
Sergi Canós,MG
Moi Gómez,MC
Diego Rico,DG
Johan Mojica,DG
Youssouf Sabaly,DD
Aitor Paredes,DC
Álex Berenguer,AG
Aridane Hernández,DC
Marcos Llorente,MC
Matija Nastasić,DC
Jaume Doménech,G
Matteo Gabbia,DC
Saúl Coco,DC
José Arnáiz,BU
Javi Galán,DG
Hugo Sotelo,MC
Bruno Langa,DG
Thierry Correia,DD
Rafa Marín,DC
Beñat Turrientes,MC
Nuke Mfulu,MC
Iván Villar,G
Cristhian Stuani,BU
Javi López,DG
Rubén García,BU
Óscar Mingueza,MD
Fran Beltrán,MC
Sergi Altimira,MDC
Pablo Ibáñez,MC
Eric Curbelo,DC
Willian José,BU
Alejandro Catena,DC
Kieran Tierney,DG
Rubén Alcaraz,MC
Marcos Peña Ocaña,MDC
Jesús Areso,DD
Étienne Capoue,MC
Luis Rioja,AG
Luis Milla,MC
Dion Lopy,MDC
Miguel Rubio,DC
Martin Valjent,DC
Iker Muñoz,MC
Umar Sadiq,BU
Carlos Domínguez,DC
Nahuel Molina,MD
Manu Sánchez,DG
Rubén Duarte,DG
Hugo Guillamón,MC
Cristhian Mosquera,DC
Bryan Zaragoza,BU
Marc Pubill,DD
Marc Martínez,G
Abdul Mumin,DC
Fede San Emeterio,MC
Javi Hernández,DG
Alberto Risco Alcántara,MC
Marcos Acuña,DG
Rominigue Kouamé,MC
Fali,DC
Juanpe,DC
Chris Ramos,BU
Joseph Aidoo,DC
Jesús Navas,DD
Abner,DG
Largie Ramazani,AG
Aihen Muñoz,DG
Kike Salas,DC
Ianis Hagi,MOC
Carlos Benavídez,MDC
Léo Baptistão,BU
Jesús Vázquez,DG
Adrián Embarba,AG
Aleksandar Sedlar,DC
Diego Mariño,G
Juan Iglesias,DD
Aitor Fernández,G
Giovanni González,DLD
Sandro Ramírez,BU
Ignasi Miquel,DC
Iván Balliu,DD
Andoni Gorosabel,DD
Ricardo Visus,DC
Óscar Valentín,MDC
Jon Guridi,MOC
Gonzalo Villar,MC
Ez Abde,AG
Alfonso Pedraza,DG
Isaac Carcelén,DD
Jorge Herrando,DC
Sergio Ruiz,MC
Raúl Albiol,DC
Bruno Méndez,DD
Gastón Álvarez,DC
Dani García,MDC
André Almeida,BU
Joaquín Panichelli,MOC
Jesús Santiago,MC
Cenk Özkacar,DC
Jaume Costa,DLG
Ezequiel Ávila,BU
Unai López,MC
Enzo Loiodice,MC
Jorge de Frutos,AD
Luka Romero,AD
Djibril Sow,MC
Diego López,MG
Darwin Machís,MG
William Carvalho,MDC
Víctor Chust,DC
Luca de la Torre,MC
Álex Sola,AD
Óliver Torres,MC
Álvaro Odriozola,DD
Marc Bartra,DC
Abdelkabir Abqar,DC
Toni Lato,DLG
Samuel Omorodion,BU
Unai Gómez,MOC
Iddrisu Baba,MDC
Domingos Duarte,DC
Óscar Rodríguez,MG
Tanguy Kouassi,DC
Lucas Torró,MC
Abdón Prats,BU
Máximo Perrone,MC
Aimar Oroz,MC
Samú Costa,MC
Antonio Blanco,MDC
Manu Bueno,MC
Anthony Lozano,BU
César Montes,DC
Ander Guevara,MDC
Arthur Vermeeren,MC
Alfonso Espino,DG
Rodri Sánchez,MOC
Iker Muniain,MOC
Jorge Meré,DC
Edgar González,DC
Álex Centelles,DG
Javier Manquillo,DC
Omar Alderete,DC
Pablo Torre,MOC
Dodi Lukébakio,BU
Héctor Bellerín,DD
Jon Ander Olasagasti,MC
Roger Martí,BU
Óscar Trejo,BU
Pablo Maffeo,DLD
Álvaro García,AG
Isi Palazón,MD
Alberto Moleiro,MG
Luis Hernández,DC
Damián Suárez,DD
André Silva,BU
Sergio Akieme,DG
Urko González,MC
Cyle Larin,BU
Yeremi Pino,MG
Srđan Babić,DC
José Manuel Copete,DC
Carlos Fernández,BU
Djené Dakonam,DC
Carlos Romero,DG
Ilias Akhomach,MD
Jon Moncayola,MC
Juanmi,BU
Álex Fernández,MC
Munir El Haddadi,MD
Rubén Peña,DD
José Luis Morales,BU
Pejiño,MD
Javi Muñoz,MC
Assane Diao,AD
Selim Amallah,BU
Antonio Sánchez,MD
Joan Jordán,MDC
Javi Llabrés,MD
Ilaix Moriba,MC
Dimitri Foulquier,DD
Ricard Sánchez,DD
Kamil Piątkowski,DC
Mauro Arambarri,MC
Siebe Van der Heyden,DC
Juan Brandariz,DC
Ben Brereton,BU
Arsen Zakharyan,MC
Fabrizio Angileri,DLG
Miguel Crespo,MDC
Kike Pérez,MOC
Ander Barrenetxea,BU
Nemanja Radonjić,MG
Gonzalo Escalante,MC
Lucas Pires,DG
Jon Magunazelaia,BU
Fran Pérez,MD
Denis Suárez,MC
Myrto Uzuni,BU
Omar Mascarell,MC
José Ángel Carmona,MD
Juan Miguel Latasa,BU
José Callejón,MG
Brian Ocampo,AD
Rafa Mir,BU
Juan Cruz,DG
Rubén Sobrino,MG
Jon Aramburu,DD
Momo Mbaye,DC
Jaime Mata,BU
Javi Guerra,MC
Stefan Mitrović,DC
Sergio Camello,BU
Cristian Herrera,MG
Raúl de Tomás,BU
Carlos Neva,DG
Abderrahmane Rebbach,AG
Kevin Vázquez,DD
Unai García,DC
Tadeo Allende,MD
Nacho Vidal,DLD
Marc Cardona,BU
Carlos Dotor,MC
Maxi Gómez,BU
Álvaro Carreras,AG
Yarek Gąsiorowski,DG
Andrei Rațiu,DD
Daley Sinkgraven,DG
Lucas Boyé,BU
Roman Yaremchuk,BU
Dani Rodríguez,MC
Roberto Navarro,MG
Ramón Terrats,MC
Fabio González,MDC
Facundo Pellistri,MD
Raúl Torrente,DC
Joseba Zaldúa,DD
Peter González,MD
Raúl Fernández,G
Álvaro Lemos,DD
Thomas Lemar,MC
Óscar Melendo,MC
Alberto Marí,BU
Amath Ndiaye,BU
Jorge Martín Camuñas,MG
Dani Cárdenas,G
Borja Iglesias,BU
Kaiky,DC
Gonzalo Melero,MOC
Manu Trigueros,MOC
Carles Aleñá,MD
Wilson Manafá,DD
Kike Barja,BU
Kamil Jan Jóźwiak,MG
Adrià Altimira,DD
Gerard Gumbau,MC
Carles Pérez,MD
Houboulang Mendes,DD
Vitor Roque,BU
Nabil Aberdin,DC
Álex Pozo,DD
Arnau Puigmal,DD
Víctor Díaz,DC
Theo Corbeanu,MG
Mariano Díaz,BU
Asier Villalibre,BU
Sergio Rodelas Pintor,BU
Marvin Park,MD
Sergi Guardiola,BU
José Campaña,MDC
Yoel Lago,DC
Jesús Vallejo,DC
Iván Alejo,MD
Matías Arezo,BU
Sory Kaba,BU
Antonio Puertas,MG
Xeber Alkain,MD
Martin Hongla,MC
Pablo Gozálbez Gilabert,AG
Lázaro,AD
Mikel Jauregizar,MOC
Unai Marrero,G
Marko Milovanović,BU
Jhon Solís,MC
Radamel Falcao,BU
Miguel de la Fuente,BU
Miguel Rodríguez,MD
Benito Ramírez,MG
Ibrahima Koné,BU
Çağlar Söyüncü,DC
Cédric Bakambu,BU
Aarón Escandell,G
Egoitz Muñoz,DEF
Geoffrey Kondogbia,MIL
Pablo Marín,MIL
Marco Asensio,ATT
Antonio Espigares,DEF
Marvel,DEF
Lucas Cañizares,G
Aristide Nicolas Junior Njalla,MIL
Marius Herzig,G
Álvaro Negredo,ATT
Marco Moreno,DEF
Darío Benavides Fuentes,DEF
Ali Fadal,MIL
Alberto Dadie,ATT
Álex Padilla,G
Miguel Jiménez Capitas,ATT
Marc Casadó,MIL
Alejo Véliz,ATT
Álvaro Rodríguez,ATT
Martín Conde,DEF
Edgar Pujol,DEF
José Antonio de la Rosa,ATT
José Ángel Pozo,MIL
Bryan Fiabema,ATT
Jon Martín,DEF
Iker Álvarez,G
Victor Aznar,G
Alfonso Pastor,G
Miguelito,DEF
José Fontán,DEF
Aboubacar Bassinga,MIL
Diadié Samassékou,MIL
Pablo Sáenz Ezquerra,ATT
Santi García,MIL
Lautaro de León,ATT
Joseda Álvarez,DEF
Uroš Račić,MIL
Santiago Mouriño,DEF
Adrián Rodríguez,G
Arnau Tenas,G
Mario González,MIL
Sergio Gimeno,DEF
Rodrigo Ely,DEF
Agustín Marchesín,G
César Fernández González,G
Matheus Cunha,ATT
Diego Kochen,G
Stanis Idumbo,MIL
Gonzalo García,ATT
Víctor Meseguer,MIL
Salim El Jebari,ATT
Jordi Mboula,ATT
Javier Martón,ATT
Carlo García,MIL
Adrián Corral,DEF
Adrián de la Fuente,DEF
Marcos Paulo,ATT
Rubén Iranzo,DEF
Ibon Ispizua,G
Felipe,DEF
Adrián Niño Heredia,ATT
Martín Tejón Fauli,MIL
Egoitz Arana,G
Silvi Clua,MIL
Diego Méndez,MIL
Álex Balboa,MIL
Xavi Sintes,MIL
Pablo Valencia,G
Ginés Sorroche Piñero,MIL
Marcos Sánchez,DEF
Samuel Umtiti,DEF
Bruno Iribarne Alemán,G
Nikola Maraš,DEF
Pablo Durán,ATT
Miguel Peñalver Martínez,DEF
Marcos Fernández,DEF
Sergio Guerrero Romero,MIL
David López,DEF
Borja Vazquez Doña,ATT
Aitor Gismera,MIL
Jordi Alba,DEF
Gabriel Fernández,ATT
Matías Árbol,G
Théo Zidane Fernández,MIL
Unai Vencedor,MIL
Mario de Luis,G
Xavi Pleguezuelo,DEF
Jorge Benito de Valle Martín,G
Lulo,MIL
Joel López Salguero,DEF
Álex Calatrava Torrado,ATT
Rodrigo Alonso Martín,MIL
Álvaro Sanz Catalán,MIL
Miguel Morro,G
Fran González,G
Renan Lodi,DEF
Ander Capa,DEF
Luis López,G
Sergio Moreno,ATT
Orbelín Pineda,MIL
José Luis Pérez del Amo,ATT
Nobel Mendy,DEF
Shon Weissman,ATT
Alejandro Iturbe,G
Gerard Martín,DEF
Abdellah Raihani,ATT
Ismael Ruiz Sánchez,MIL
Álex Forés Mendoza,ATT
Ruly García,G
Iñaki Rupérez Urtasun,DEF
Alberto Collado López,MIL
Rubén Quintanilla,MIL
Sergio Díez,DEF
Sergiño Dest,DEF
Javi Rodríguez,DEF
Joaquín Martínez Gauna,ATT
Alejandro Herranz López,DEF
Nacho Quintana,MIL
Karim Rekik,DEF
Alfon González,ATT
Sabit Abdulai,MIL
Sergio Mestre,G
Santiago Bueno,DEF
José Alejandro de León Gómez,ATT
Javier Boñar Franco,DEF
Ángel Alarcón,ATT
Javi Martínez,MIL
Víctor Parada,DEF
Hugo Rincón Lumbreras,DEF
Bebé,ATT
Pol Tristán Jiménez,G
Clément Lenglet,DEF
Abdallahi Mahmoud,MIL
Ibrahima Kébé,MIL
Darko Brašanac,MIL
Pau Mascaró Ruiz,ATT
John Patrick,MIL
Unai Veiga González,MIL
Vicent Abril Sanz,G
Adnan Januzaj,MIL
Pablo Muñoz,MIL
Jon Karrikaburu,ATT
Andrés Martín,ATT
Ivo Grbić,G
David Otorbi Ejedewawe,ATT
Luis Bilbao,ATT
Javi Domínguez,DEF
Aitor Fraga,G
Álex Collado,MIL
Antal Yaakobishvili,DEF
Aingeru Olabarrieta,ATT
Jeremy José Jorge Jiménez,MIL
Karim Benzema,ATT
Pablo Pérez,DEF
Asier Osambela Larraya,MIL
Eric Monjonell,DEF
Matt Doherty,DEF
Ilias Kostis,DEF
Juan Arango,MIL
Carlos Sogorb Oliver,DEF
Biel Farrés,DEF
Mikayil Faye,DEF
Adrián Butzke,ATT
Eneko Ortiz,DEF
Franck Kessié,MIL
Pablo Busto,DEF
Cristian Rivero,G
Íñigo Arguibide Goñi,ATT
Rubén Montero,G
Yuzún Francisco Ley Pizá,DEF
Iván Vasiljević Djorjević,DEF
Daniel Andrés Luna García,MIL
Àlex Almansa,ATT
Áron Yaakobishvili,G
Àlex Valle,DEF
Facundo Esnáider Ruiz,MIL
Federico Agustín Gattoni,DEF
Marcos André,ATT
Jacobo Ramón,DEF
Ander Astrálaga,G
Miguel Ángel Brau Blánquez,DEF
Borja García,MIL
Alexander Callens,DEF
Adama Boiro,DEF
Diego Hormigo,DEF
Daniel González Flores,ATT
Giorgi Gagua,ATT
Iván Romero,ATT
Andoni Zubiaurre,G
Diego Collado,ATT
Rafael Romero,G
Famara Diédhiou,ATT
Milutin Osmajić,ATT
Jorge Pascual,ATT
Claudio Mendes Vicente,ATT
Dani Rodríguez,MIL
Stefan Leković,DEF
Isaac Hernández,DEF
Alberto Perea,ATT
Etta Eyong,MIL
Jorge Sáenz,DEF
Arvin Appiah,ATT
Tomás Alarcón,MIL
Martin Šviderský,MIL
Ludwig Augustinsson,DEF
Gabriel Palmero,DEF
Ethyan Jesús González Morales,ATT
Selu Diallo,MIL
Adrián Miranda Nieto,DEF
Loren Morón,ATT
Gorka Rivera,DEF
Israel Domínguez Velasco,ATT
Samuel Chukwueze,ATT
Salvador Sevilla López,MIL
Pedro Ortiz,MIL
Diego López de Haro Repullo,MIL
Nico Serrano,ATT
Jastin García,ATT
Alberto Moreno,MIL
Dani Requena,MIL
Joni Montiel,MIL
Yassin Fekir,MIL
Mikel Balenziaga,DEF
Jesús Corona,MIL
Modibo Sagnan,DEF
Max Svensson,ATT
Dani Tasende,DEF
Ibrahima Sow,ATT
Nicolas Jackson,ATT
Nando,G
Alejandro Quevedo Barber,G
Lassina Sangaré,MIL
Clément Grenier,MIL
Carlos Ballestero García,DEF
Aleix Garrido,MIL
Iñaki González,MIL
Antoñín Cortés,ATT
Ander Sánchez,MIL
Óscar Francisco García Quintela,MIL
Eghosa Augustine Bello,ATT
Antonio Gomis,G
Yassin Tallal Amiri,MIL
Jorge Moreno,DEF
Aritz Arambarri,DEF
Juan Manuel Sanabria,MIL
Pape Gueye,MIL
Juan Carlos,G
Alpha Dionkou,DEF
Julio Cabrera Ortega,DEF
Pau Torres,DEF
Cristian Olivera,ATT
Unai Eguiluz,DEF
Carlos Martín,ATT
Marco Quiterio Camus Muñoz,MIL
Miguel Baeza,MIL
César Tárrega Requeni,DEF
Oier Zarraga,MIL
Mamadou Sylla,ATT
Gerónimo Rulli,G
Hannibal Mejbri,MC
Abraham del Moral Rando,DEF
Diego Lainez,MIL
Guilherme Fernandes,G
Santi Miguélez,ATT
Ander Martín,ATT
Tomás Mendes,MIL
Alejandro García Morata,DEF
Alex Telles,DEF
Djordjije Medenica,G
Vicente Iborra,MIL
Salvi Sánchez,MIL
Sergio Reguilón,DEF
Bernardo Espinosa,DEF
Alex Douma Johan Lebarbier,MIL
Iván Chapela,ATT
Iker Almena,ATT
Gabri Veiga,MIL
Yadam Santana,MIL
Sergio Santos,DEF
Toni Fuidias,G
Pau Prim,MIL
Jack Harper,ATT
Ansu Fati,ATT
Rubén Blanco,G
Asier Illarramendi,MIL
Fran Árbol,G
Borja Garcés,ATT
José Sánchez Martínez,DEF
Lanchi,DEF
Gianni Cassaro,G
Alberto Soro Álvarez,MIL
Iván Martos,DEF
Mamadou Mbacke,DEF
Moussa Diakité,MIL
Mario Ramos Fernández,G
Diego Piñeiro,G
Junior Bita,MIL
Boulaye Dia,ATT
Papu Gómez,MIL
Giovani Lo Celso,MIL
Daniel Martínez Moreno,DEF
Sergio Busquets,MIL
Daniel Fuzato,G
Carlos Álvarez,MIL
Daniel Budesca López,DEF
Alessandro Burlamaqui,MIL
Gael Alonso Moreno,DEF
Njegoš Petrović,MIL
Santi Mina,ATT
Álvaro Killane,G
Estanis Pedrola,ATT
Thomas Delaney,MIL
Juan Cruz,MIL
Dyego Sousa,ATT
Javier Navarro Girona,MIL
Dominik Greif,G
Raúl Parra,DEF
Gonzalo Montiel,DEF
Manu Vallejo,ATT
Xabier Huarte Armendáriz,MIL
Diego Bri,ATT
Paulo Vitor,ATT
Unai Hernández,MIL
Awer Mabil,MIL
Joel del Pino,ATT
Juan Flere,G
Ricard Artero,MIL
Jakub Jankto,MIL
Víctor Vitolo,MIL
Jonathan Gómez,DEF
Coke Carrillo,G
Rachad Fettal Dhimi,ATT
Ander Iru,G
Rony Lopes,ATT
Álvaro García Blanes,DEF
Paco Sanz Mora,DEF
Álvaro Carrillo,DEF
Nico Paz,MIL
Ousmane Dembélé,ATT
Pau Ferrer,ATT
Javier Rueda García,DEF
Erick Cabaco,DEF
Oussama Idrissi,ATT
Dani Pérez,MIL
José Mari,MIL
Youba Diarra,MIL
Yann Bodiger,MIL
Braian Cufré,DEF
Carles Garrido,ATT
Samu Castillejo,MIL
Adrián Salguero Cid,DEF
Haissem Hassan,ATT
Peru Nolaskoain,MIL
Mario Martín,MIL
Martín Merquelanz,ATT
Horaţiu Moldovan,G
Germán García,G
Eray Cömert,DEF
Toni Villa,MIL
Vinícius Tobías,DEF
Miki Bosch,DEF
Guilherme Guedes,MIL
Gonçalo Paciencia,ATT
Rayane Belaid,MIL
Jon Morcillo,ATT
Alex Petxarroman,DEF
Arnaut Danjuma,ATT
Gaizka García,G
Fernando Niño,ATT
Íñigo Eguaras,MIL
Paul Akouokou,MIL
Martín Pascual,DEF
Pere García,G
Juan Manuel Gutiérrez,ATT
Bryan Gil,ATT
Adri,G
Mario Domínguez,ATT
Taichi Hara,ATT
Hugo González Sotos,MIL
Quique Fernández,MIL
Álvaro Bastida,MIL
Sergio Carreira,DEF
Nico González,MIL
Ale Gorrín,G
Dimitrios Stamatakis Vailakakis,G
Unai Ropero,ATT
Alberto del Moral,MIL
El Bilal Touré,ATT
Alberto Flores,G
Simone Perilli,G
Kristjan Asllani,MC
Hakan Çalhanoğlu,MC
Marko Arnautović,BU
Renato Sanches,MC
Davide Biraschi,DC
Lautaro Martínez,BU
Nicola Leali,G
Sardar Azmoun,BU
Nicolas Haas,MDC
Stefan de Vrij,DC
Yann Bisseck,DC
Mile Svilar,G
Davide Frattesi,MC
Benjamin Pavard,DC
Riccardo Calafiori,DC
Khvicha Kvaratskhelia,BU
Danilo,DC
Rafael Leão,AG
Michele Di Gregorio,G
Henrikh Mkhitaryan,MC
Carlos Augusto,MG
Marcus Thuram,BU
Federico Dimarco,MG
Alessandro Bastoni,DC
Theo Hernández,DG
Francesco Acerbi,DC
Jhon Lucumí,DC
Gianluca Scamacca,BU
Lorenzo Montipò,G
Lewis Ferguson,MOC
Christian Pulišić,BU
Juan Musso,G
Ademola Lookman,BU
Federico Chiesa,BU
Yann Sommer,G
Alan Matturro,MG
Adrien Rabiot,MC
Luis Muriel,BU
Marco Carnesecchi,G
Tijjani Reijnders,MDC
Elia Caprile,G
Alexis Sánchez,BU
Maduka Okoye,G
Ismaël Bennacer,MDC
Federico Ravaglia,G
Arkadiusz Milik,BU
Marten de Roon,MC
Manuel Locatelli,MC
Nicolò Barella,MC
Mario Pašalić,MC
Éderson,MC
Alex Sandro,DC
Mike Maignan,G
Ivan Provedel,G
Emilio Audero,G
Christos Mandas,G
Pietro Terracciano,G
Ruben Loftus-Cheek,MOC
Henrique Arthur,MDC
Mattia Zaccagni,BU
Remo Freuler,MDC
Leandro Paredes,MC
Amir Rrahmani,DC
Yacine Adli,MDC
Vanja Milinković-Savić,G
Giacomo Bonaventura,MOC
Joshua Zirkzee,BU
Gleison Bremer,DC
Luis Alberto,MC
Dušan Vlahović,BU
Alessandro Florenzi,DG
Wojciech Szczęsny,G
Paulo Dybala,BU
Victor Osimhen,BU
Teun Koopmeiners,MOC
Giorgio Scalvini,DC
Charles De Ketelaere,BU
Alexey Miranchuk,MOC
Nicolás González,AD
Fikayo Tomori,DC
Samuel Chukwueze,AD
Alessandro Buongiorno,DC
Berat Djimsiti,DC
Oussama El Azzouzi,MDC
Etrit Berisha,G
Josep Martínez,G
Daniele Rugani,DC
Riccardo Orsolini,AD
Duván Zapata,BU
Vincenzo Fiorillo,G
Piotr Zieliński,MC
Lucas Martínez,DC
Albert Guðmundsson,BU
El Bilal Touré,BU
Mathías Olivera,DG
Antonín Barák,MOC
Bryan Cristante,MC
Daichi Kamada,MC
Łukasz Skorupski,G
Antonio Mirante,G
Alessio Romagnoli,DC
Federico Gatti,DC
Nicolò Fagioli,MC
Olivier Giroud,BU
Leo Østigård,DC
Marco Sportiello,G
Stanislav Lobotka,MC
Giovanni Bonfanti,DC
Domenico Berardi,AD
Andrea Belotti,BU
Matteo Pessina,MC
Vítinha,BU
Wladimiro Falcone,G
Sead Kolašinac,DC
Fabiano Parisi,DG
Giacomo Raspadori,BU
Denzel Dumfries,MD
Tommaso Martinelli,G
Weston McKennie,MC
Michael Kayode,DD
Lorenzo Pellegrini,MC
Roberto Gagliardini,MC
Rick Karsdorp,MD
Milan Đurić,BU
Evan NDicka,DC
Lameck Banda,BU
Giovanni Fabbian,MC
Morten Frendrup,MC
Dan Ndoye,AD
Nehuén Pérez,DC
Radu Drăgușin,DC
Nikola Milenković,DC
Alexis Saelemaekers,MG
Simon Kjær,DC
Giovanni Di Lorenzo,DD
Michel Aebischer,MDC
Matteo Darmian,MD
Noah Okafor,BU
Alberto Dossena,DC
André-Frank Zambo Anguissa,MC
Danilo D'Ambrosio,DC
Felipe Anderson,BU
Sam Beukema,DC
Riccardo Sottil,AG
Matteo Gabbia,DC
Mattia Perin,G
Matteo Politano,BU
Tommaso Pobega,MDC
Uroš Račić,MDC
Patric,DC
Alfred Duncan,MDC
Mario Gila,DC
Gaetano Castrovilli,AG
Davide Calabria,DD
Yerry Mina,DC
Samuele Vignato,MOC
Pablo Marí,DC
Guillermo Ochoa,G
Nicolò Casale,DC
Tijjani Noslin,BU
Nemanja Radonjić,MOC
Cyril Ngonge,MOC
Alex Meret,G
Gvidas Gineitis,MC
Enzo Barrenechea,MC
Andrea Carboni,DC
Samuele Ricci,MC
Romelu Lukaku,BU
Ricardo Rodríguez,DC
Koffi Djidji,DC
Andrea Cambiaso,MD
Diego Llorente,DC
Alessandro Vogliacco,DC
Stefano Turati,G
Luca Ranieri,DC
Rade Krunić,MC
Lautaro Giannetti,DC
Giangiacomo Magnani,DC
Andrea Consigli,G
Rui Patrício,G
Jaka Bijol,DC
Johan Vásquez,DC
Marin Pongračić,DC
Matteo Ruggeri,MG
Koni De Winter,DC
Houssem Aouar,MC
Walace,MC
Jonathan Ikoné,AD
Dodô,DD
Chris Smalling,DC
Diego Coppola,DC
Lorenzo De Silvestri,DD
Mattéo Guendouzi,MC
Santiago Castro,BU
Simone Scuffet,G
Raoul Bellanova,MD
Daniel Boloca,MDC
Matías Vecino,MC
Armando Izzo,DC
Benoît Costil,G
Nicolò Rovella,MC
Lucas Beltrán,BU
Stefan Posch,DD
Ondrej Duda,MDC
Manuel Lazzari,DD
Rúben Vinagre,DG
Matías Soulé,BU
Ivan Ilić,MC
Gianluca Mancini,DC
Alberto Grassi,MC
Malick Thiaw,DC
Paweł Dawidowicz,DC
Victor Kristiansen,DG
Taty Castellanos,BU
Juan Jesus,DC
Martin Hongla,MC
Yunus Musah,MC
Kenan Yıldız,BU
Riccardo Marchizza,DG
Rafael Tolói,DC
Isak Hien,DC
Milan Badelj,MC
Simone Romagnoli,DC
Abdou Harroui,MOC
Alexis Blin,MC
Caleb Ekuban,BU
Leonardo Pavoletti,BU
Angeliño,DG
Andrea Colpani,MOC
Giulio Maggiore,MC
Dean Huijsen,DC
Suat Serdar,MDC
Kacper Urbański,AG
Dany Mota,BU
Anthony Oyono,DD
Ciro Immobile,BU
Gianluca Gaetano,MOC
Nicolò Cambiaghi,BU
Sandi Lovrić,MC
Roberto Pereyra,MOC
Danilo Cataldi,MC
Lazar Samardžić,MC
Sebastiano Luperto,DC
Perr Schuurs,DC
Christian Kabasele,DC
Zito Luvumbo,BU
Nikola Vlašić,MOC
Maxime Lopez,MDC
Carlos Alcaraz,MC
Timothy Weah,MD
Dani Silva,MDC
Gian Marco Ferrari,DC
Juan David Cabal,DG
Florian Thauvin,BU
Cristiano Biraghi,DG
Federico Fazio,DC
Giorgio Cittadini,DC
Mattia Bani,DC
Davide Zappacosta,MD
Elseid Hysaj,DG
Emil Holm,MD
Alessio Zerbin,AG
Agustín Martegani,MC
Moise Kean,BU
David Okereke,BU
João Ferreira,DC
Caleb Okoli,DC
Brenner,BU
Edoardo Bove,MC
Francesco Gelli,MG
Valentín Carboni,MOC
Pol Lirola,DC
Martin Erlić,DC
Tyronne Ebuehi,DD
Adrien Tamèze,DC
Pierluigi Gollini,G
Valentin Gendrey,DD
Natan,DC
Warren Bondo,MDC
Gabriel Strefezza,BU
Thomas Kristensen,DC
Nikola Krstović,BU
Walid Cheddira,BU
Ilario Monterisi,DC
Hans Nicolussi,MC
Luca Pellegrini,DG
Grégoire Defrel,AD
Leonardo Spinazzola,MG
Alessandro Sorrentino,G
Mateo Retegui,BU
Adam Marušić,DG
Tommaso Baldanzi,MOC
Daniel Maldini,MOC
Patrick Ciurria,MD
Luca Caldirola,DC
Michele Cerofolini,G
Lorenzo Venuti,DD
Luca Mazzitelli,MC
Edoardo Goldaniga,DC
Ardian Ismajli,DC
Boris Radunović,G
Armand Laurienté,AG
Nadir Zortea,MD
Pierre Kalulu,DD
Hassane Kamara,MG
Ahmed Touba,DC
Federico Baschirotto,DC
Christian Kouamé,AG
Charalampos Lykogiannis,DG
Mërgim Vojvoda,MG
Nicolas Viola,MOC
Martín Payero,MC
Antonio Candreva,MOC
Szymon Żurkowski,MOC
Antonio Sanabria,BU
Liberato Cacace,DG
Matheus Henrique,MDC
Patrick Dorgu,DG
Jackson Tchatchoua,DD
Ylber Ramadani,MC
Roberto Piccoli,BU
Jeremy Toljan,DD
Antonino Gallo,DG
Ruslan Malinovskyi,MC
Luca Lipani,MDC
Fabio Miretti,MC
Lorenzo Lucca,BU
Arijon Ibrahimović,AG
Gianluca Lapadula,BU
Rolando Mandragora,MDC
Josip Brekalo,AG
Matías Viña,DG
Mário Rui,DG
Filip Kostić,MG
Zeki Çelik,DD
Sebastian Walukiewicz,DC
Reinier,MOC
Tommaso Augello,DG
Kostas Manolas,DC
Junior Messias,MC
Davy Klaassen,MC
Karol Linetty,MC
Luka Jović,BU
Rémi Oudin,MC
Giorgos Kiriakopoulos,MG
Andrea Pinamonti,BU
Pontus Almqvist,BU
Lorenzo Colombo,BU
Marcus Holmgren Pedersen,DD
Mitchel Bakker,MG
Hamed Junior Traorè,MC
Nicola Zalewski,MG
Joan Gonzàlez,MC
Matteo Prati,MC
Djed Spence,MD
Ridgeciano Delano Leandro Haps,MG
Marco Silvestri,G
Fabien Centonze,DD
Filippo Terracciano,DG
Tommaso Corazza,DD
Reda Belahyane,MDC
Hans Hateboer,MD
Darko Lazović,AG
Saba Sazonov,DC
Bartosz Bereszyński,DC
Bruno Amione,DC
Jens Cajuste,MC
Antoine Makoumbou,MC
Niccolò Pierozzi,DC
Samuele Birindelli,DD
Kingsley Ehizibue,MD
Jacopo Fazzini,MC
Pantelis Hatzidiakos,DC
Mateusz Wieteska,DC
Jaime Báez,MG
Grigoris Kastanos,MOC
Adam Masina,DC
Samuel Iling-Junior,MG
Kevin Strootman,MC
Jens Odgaard,MD
Ruan Tressoldi,DC
Marco Faraoni,MD
Jovane Cabral,MOC
M'Bala Nzola,BU
Michael Folorunsho,MOC
Norbert Gyömbér,DC
Valentino Lazaro,MG
Morten Thorsby,MC
Ibrahim Sulemana,MC
Jesper Lindstrøm,BU
Alberto Cerri,BU
Kevin Bonifazi,DC
Nedim Bajrami,MOC
Adam Obert,DC
Gabriele Zappa,DD
Boulaye Dia,BU
Iron David Bocaf Gomis,MC
Samu Castillejo,AD
Nikola Moro,MDC
Jesper Karlsson,AG
Flavius Daniliuc,DC
Aarón Martín,MG
Emanuele Valeri,MG
Mateus Lusuardi,DC
Matteo Lovato,DC
Lassana Coulibaly,MC
Jean-Daniel Akpa Akpro,MC
Rasmus Nissen Kristensen,MD
Domagoj Bradarić,MG
Gaetano Pio Oristanio,BU
Junior Sambia,MD
Jordan Zemura,MG
Jérôme Boateng,DC
Giuseppe Caso,BU
Mattia Viti,DG
Cristian Volpato,AD
Oier Zarraga,MC
Alessandro Deiola,MC
Răzvan Marin,MC
Samuele Mulattieri,BU
Mohamed Kaba,MC
Pedro Obiang,MC
Hamza Rafia,MC
Medon Berisha,MC
Marco Brescianini,MC
Toma Bašić,MC
Stephan El Shaarawy,BU
Gustav Isaksen,BU
Loum Tchaouna,BU
Kristian Thorstvedt,MOC
Lorenzo Pirola,DC
Kaio Jorge,BU
Federico Bonazzoli,BU
Simone Bastoni,MC
Oliver Christensen,G
Pietro Pellegri,BU
Pedro,BU
Emmanuel Gyasi,MD
Paulo Azzi,MG
Filippo Missori,MD
Nahitan Nández,MD
Thomas Michel David Henry,BU
M'Baye Niang,BU
Nicola Sansone,BU
Karol Świderski,BU
Pedro Pereira,MD
Alessandro Di Pardo,MD
Gianluca Caprari,MOC
Isaac Success,BU
Riccardo Saponara,AG
Yann Karamoh,MOC
Stefan Mitrović,AD
Brandon Soppy,MD
Josh Doig,MG
Pasquale Mazzocchi,MD
José Machín,MOC
Marash Kumbulla,DC
Francesco Caputo,BU
Viktor Kovalenko,MC
Emanuel Vignato,MOC
Stefano Sabelli,MD
Festy Ebosele,MD
Mateusz Jacek Łęgowski,MC
Jakub Jankto,MG
Giuseppe Pezzella,MG
Emil Bohinen,MC
Filippo Ranocchia,MC
Giovanni Simeone,BU
Eldor Shomurodov,MOC
Diego Demme,MC
Demba Seck,MOC
Marco Mancosu,MOC
Chukwubuikem Ikwuemesi,BU
Luca Garritano,MD
Simeon Nwankwo,BU
Triantafyllos Pasalidis,DC
Marco Pellegrino,DC
Jordi Mboula,AG
Eljif Elmas,MC
Marvin Çuni,BU
Alessandro Zanoli,MD
Erik Botheim,BU
Nicolás Domínguez,MC
Tammy Abraham,BU
Mattia Destro,BU
Samuele Perisan,G
Shon Weissman,BU
Beto,BU
Stiven Shpendi,BU
Luca Gemello,G
Mehdi Bourabia,MDC
Farès Ghedjemis,BU
Silvan Hefti,MD
Sydney van Hooijdonk,BU
Mirko Marić,BU
Juan Manuel Cruz,BU
George Puşcaş,BU
Alexander Satariano,ATT
Alessandro Pio Riccio,DEF
Lapo Nava,G
Renato Marin,G
Alessandro Fontanarosa,DEF
Kevin Miranda,DEF
Roberto Pierno,DEF
Federico Brancolini,G
Jasper Samooja,G
Federico Zuccon,MIL
Mihai Popa,G
David Heidenreich,DEF
Giovanni Crociata,MIL
Mattia Mannini,MIL
Alberto Manzoni,MIL
Thórir Helgason,MIL
Benjamin Tahirović,MIL
Luigi D'Avino,DEF
Salvatore Elia,MIL
Simone Stampete,ATT
Fabio Desole,DEF
Iwo Kaczmarski,MIL
Leo Štulac,MIL
Antonio Tikvić,DEF
Daniele Padelli,G
Endri Muhameti,MIL
Flavio Bianchi,ATT
Paul Pogba,MIL
Tommaso Barbieri,DEF
Vimoj Muntu Wa Mungu,DEF
Uroš Kabić,ATT
Alessio Rizza,DEF
Zanos Savva,ATT
Marko Pajač,DEF
Julian Kristoffersen,ATT
Andreas Ioannou,DEF
Alexandr Kokorin,ATT
Gerardo Fusco,ATT
Federico Ceccherini,DEF
Kingsley Michael,MIL
Simone Panada,MIL
Jonas Rouhi,DEF
Justin Kluivert,ATT
Soufiane Bidaoui,ATT
Berkan İsmail Kutlu,MIL
Emil Roback,ATT
Wilfried Singo,DEF
Adama Soumaoro,DEF
Matteo Colombo,MIL
Mattia Aramu,ATT
Morten Hjulmand,MIL
Marko Rog,MIL
Gabriele Gori,ATT
Simone Calvani,G
Seb Loeffen,DEF
Ciprian Tătărușanu,G
Christian Capone,MIL
Michele Avella,G
Franco Carboni,DEF
Andrei Moțoc,DEF
Armando Anastasio,DEF
Nemanja Matić,MIL
Bor Žunec,MIL
Reda Boultam,MIL
Niccolò Guccione,DEF
Mannah Chiwisa Mwewa,MIL
Nicolo Calabrese,DEF
Tommaso Pittino,DEF
Aaron Ciammaglichella,MIL
Keinan Davis,ATT
Filip Benković,DEF
Kaan Ayhan,DEF
Kastriot Dermaku,DEF
Giovanni Garofani,G
Alessandro Dellavalle,DEF
Gerard Deulofeu,ATT
Giacomo Toniolo,G
Francesco Gioielli,MIL
Lorenzo Amatucci,MIL
Matteo Brezzo,G
Vittorio Agostinelli,MIL
Samuel Mbangula,ATT
Daniele Solcia,DEF
Jacopo Del Bello,G
Andreas Jungdal,G
Alessandro Calligaris,G
Jacopo Gianelli,MIL
Giacomo Faticanti,MIL
Leonardo Candellone,ATT
Santiago Pierotti,ATT
Filip Jagiełło,MIL
Gabriele Baldi,G
Daniel Samek,MIL
Christian Foglio,MIL
Lorenzo Bernasconi,DEF
Abdelhamid Sabiri,MIL
Marco Da Graca,ATT
Valerio Mantovani,DEF
Giorgi Kvernadze,ATT
Luca Vido,ATT
Andrea Ceresoli,DEF
Luka Romero,MIL
Massimo Coda,ATT
Giorgio Altare,DEF
Tajon Buchanan,MIL
Jacopo Da Riva,MIL
Juan Cuadrado,MIL
Gino Infantino,MIL
Leonardo Bonucci,DEF
Edin Džeko,ATT
Tommaso Ferrari,DEF
Nunzio Lella,MIL
Giacomo Manzari,ATT
Côme Bianay Balcot,DEF
Güven Yalçın,ATT
Dimitris Keramitsis,DEF
Andrea Bartoccioni,G
Brian Bayeye,MIL
Alexandru Șiman,ATT
Tibo Persyn,MIL
James Abankwah,DEF
Paolo Vismara,G
Dimitrije Kamenović,DEF
Filippo Melegoni,MIL
Charlys Matheus Lima Pontes,MIL
Faroukou Kayode Cissé,DEF
Mattia Caldara,DEF
Saná Fernandes,ATT
Federico Mangiameli,ATT
Tiémoué Bakayoko,MIL
Valerio Labriola,MIL
Gabriele Guarino,DEF
Gabriele Indragoli,DEF
Bruno Conti,MIL
Kevin Lasagna,ATT
Pasquale Allocca,G
Jeppe Corfitzen,ATT
Francesco Orlando,ATT
Andri Fannar Baldursson,MIL
Sergiño Dest,DEF
Angelos Neofytou,ATT
Francesco D'Alessio,MIL
Jordan Aleksander Majchrzak,ATT
Vivaldo Semedo,ATT
Jacopo De Matteis,G
Chaka Traoré,ATT
Lorenzo Tonelli,DEF
André Onana,G
Dylan Bronn,DEF
Ebrima Darboe,MIL
Ciro Borrelli,MIL
Ryan Flamingo,DEF
Alessandro Mallamo,MIL
Antonino Viola,G
Simone Aresti,G
Guillaume Renault,MIL
Khadim Ndiaye,G
Leonardo Pezzola,DEF
Axel Guessand,DEF
Davide Renzetti,G
Ebenezer Ajodun Akinsanmiro,MIL
Antonio Gala,MIL
Giacomo Corona,ATT
Marco Sala,DEF
Gianmarco Cangiano,ATT
Brahim Díaz,MIL
Matjaž Kamenšek Pahič,DEF
Tommaso Del Lungo,DEF
Sergio Kalaj,DEF
Matteo Pinelli,DEF
Daniel Theiner,G
Daniele Sommariva,G
Milan Škriniar,DEF
Jan Oliveras Codina,DEF
Mattia Compagnon,MIL
Tommaso Bertini,G
Lorenzo Torriani,G
Joel Axel Krister Voelkerling Persson,ATT
Andrea Bonanomi,MIL
Jacopo Antolini,DEF
Fallou Sene,ATT
Filippo Costa,DEF
Filippo Alessio,ATT
Alessandro Berretta,MIL
Matteo Falasca,DEF
Pierluigi Frattali,G
Andrea Sergio Mazza,G
Alessandro Scacchetti,G
Samuele Spalluto,ATT
Tommaso De Nipoti,ATT
Yayah Kallon,ATT
Issiaka Kamate,MIL
Tommaso Vannucchi,G
Ante Rebić,ATT
Valentin Antov,DEF
Moustapha Cissé,ATT
Gianluca Frabotta,DEF
Fabio Andrea Ruggeri,DEF
Sofyan Amrabat,MIL
Cristian Shpendi,ATT
Justin Kumi,MIL
Filippo Vertua,G
Luca Marianucci,DEF
Gian Marco Crespi,G
Alassane Sidibe,ATT
Antonio Raimondo,ATT
Nicola Patanè,MIL
Paweł Jaroszyński,DEF
Sebastian Esposito,DEF
Vanja Vlahović,MIL
Victor Eletu,MIL
Giorgio Brogni,DEF
Samuele Angori,DEF
Lorenzo Russo,MIL
Federico Mosca,G
Alessandro Cortinovis,MIL
Denis Cazzadori,ATT
Riza Durmisi,DEF
Karlo Lulić,MIL
Hugo Francisco Cuenca Martínez,ATT
Emanuele Elia,MIL
Davide Merola,ATT
Luigi Canotto,ATT
Ionuț Radu,G
Niklas Pyyhtiä,MIL
Tommaso Ravaglioli,ATT
Marko Pjaca,ATT
Jerdy Schouten,MIL
Christian Travaglini,DEF
Kingstone Mutandwa,ATT
Vittorio Parigini,MIL
João Costa,ATT
Ali Dembélé,DEF
Lorenzo Peli,MIL
Tommaso Mancini,ATT
Stefano Rubbi,G
Kevin Zeroli,MIL
Gabriel Brazão,G
Davide Bartesaghi,DEF
Denso Kasius,DEF
Trivante Vincent Stewart,ATT
Louis Munteanu,ATT
Davide Bettella,DEF
Merih Demiral,DEF
Mario Sampirisi,DEF
Jordan Longhi,ATT
Christos Kourfalidis,MIL
Marco Carraro,MIL
Joaquín Sosa,DEF
Álex Jiménez,DEF
Simone Mazzocchi,ATT
Joseph Nonge Boende,MIL
Maat Caprini,ATT
Sekou Diawara,ATT
Iacopo Regonesi,DEF
Liam Henderson,MIL
Devis Vásquez,G
Pietro Passador,G
Mikael,ATT
Marco Bertini,MIL
Mattia Turra,MIL
Mihajlo Ilić,DEF
Gonzalo Escalante,MIL
Elayis Tavşan,ATT
Corentin Louakima,DEF
Joaquín Correa,ATT
Marko Božić,MIL
Stefano Gori,G
Emil Ceïde,ATT
Nikolaos Michelis,DEF
Jan-Carlo Šimić,DEF
Luigi Sepe,G
Thomas Vettorel,G
Darian Males,MIL
Jacopo Pellegrini,ATT
Leander Dendoncker,MIL
Carlo Pinsoglio,G
Lovro Štubljar,G
Gastón Pereiro,ATT
Samuel John Nwachukwu,DEF
Emmanuel Ekong,ATT
Assan Ceesay,ATT
Daniele Ghilardi,DEF
Zinedin Smajlović,DEF
Tommaso Guercio,DEF
Pietro Comuzzo,DEF
Simone Verdi,ATT
Cristiano Lombardi,ATT
Przemysław Szymiński,DEF
Nikola Sekulov,ATT
Riccardo Pagano,MIL
Marco Palestra,DEF
Diego González,ATT
Musa Barrow,ATT
Marcelo Brozović,MIL
Marcos Antônio,MIL
Marco Olivieri,ATT
Raymond Anokye Asante,ATT
Facundo Colidio,ATT
Georginio Wijnaldum,MIL
Pietro Boer,G
Matteo Ricci,MIL
Federico Magro,G
Hirving Lozano,ATT
Matteo Giuseppe Plaia,DEF
Giovanni Daffara,G
Mattia Valoti,MIL
Matteo Motta,DEF
Luca Boncori,ATT
Facundo González,DEF
Coli Saco,MIL
Koray Günter,DEF
Hubert Idasiak,G
Alphadjo Cissè,ATT
Marco Varnier,DEF
İsak Vural,MIL
Kevin Haveri,DEF
Alessio Furlanetto,G
Siren Diao Balde,ATT
Niccolò Pisilli,MIL
Aster Vranckx,MIL
Stefan Ilsanker,MIL
Mattia Zanotti,DEF
Jérémie Boga,ATT
Bryan Reynolds,DEF
Ange N'Guessan,DEF
Kevin Rüegg,DEF
Filip Stanković,G
Luigi Cherubini,MIL
Velizar-Iliya Svetozarov Iliev,G
Marco Ballarini,MIL
Leonardo Colombo,MIL
Mateusz Praszelik,MIL
Clinton Nsiala,DEF
Tito Gasperini,G
Tiago Djaló,DEF
Matteo Angeli,DEF
Lorenzo Palmisani,G
Jacopo Seghetti,G
Lucien Agoumé,MIL
Karim Zedadka,MIL
Raffaele Di Gennaro,G
Matteo Palma,DEF
Marley Aké,MIL
Lovro Golič,DEF
Stefano Sensi,MIL
Agustín Álvarez,ATT
Emmanuel Latte Lath,ATT
Marko Lazetić,ATT
Christos Papadopoulos,MIL
Jacopo Desogus,ATT
Kelvin Yeboah,ATT
Lukas Klitten,DEF
Francesco Rossi,G
Gennaro Borrelli,ATT
Tarik Muharemović,DEF
Matteo Duțu,DEF
Leonardo Cerri,ATT
Nicola Bagnolini,G
Duccio Degli Innocenti,MIL
Denis Zakaria,MIL
Salim Abubakar,MIL
Andres Emil Sfait,MIL
Ajdin Hrustić,MIL
Mohamed Ihattaren,MIL
Francesco Camarda,ATT
Nicolò Zaniolo,MIL
Panos Retsos,DEF
Christian Corradi,DEF
Gregorio Salvati,G
Dennis Curatolo,ATT
Milan Kremenovic,DEF
Papu Gómez,MIL
Rareş Burnete,ATT
André Anderson,MIL
Yeferson Paz,DEF
Nikita Contini,G
Robin Gosens,DEF
Diego Valencia,ATT
Noah Raveyre,G
David Pejičić,MIL
Daniel Macej,DEF
Emmanuele Cicerelli,ATT
Sebastiano Esposito,ATT
Alessandro Falleni,ATT
Davide Angelo Ghislandi,DEF
José Antonio Gómez Márquez,MIL
Matija Popović,MIL
Sebastian Breza,G
Elio Capradossi,DEF
Riccardo Stivanello,DEF
Cristo González,ATT
Alessandro Sersanti,MIL
Mattia De Sciglio,DG
Andrea La Mantia,ATT
Amadou Makhtarlayi Sarr,ATT
Mady Camara,MIL
Rasmus Højlund,ATT
Andrea Ferraris,ATT
Franz Stolz,G
Adam Bakoune,DEF
Gianluca Pegolo,G
Luka Bogdan,DEF
Nikolaos Nestoras Botis,G
Jonathan Silva Pertinhes,MIL
Luis Hasa,MIL
Gonzalo Villar,MIL
Eugenio Lamanna,G
Carles Pérez,ATT
John Björkengren,MIL
Giulio Donati,DEF
Étienne Camara,MIL
Riccardo Arboscello,MIL
Antonio Iervolino,MIL
Alieu Eybi Njie,ATT
Joakim Mæhle,DEF
Ángel Di María,MIL
Sam Lammers,ATT
Aleksander Buksa,ATT
Brian Silva,DEF
Marcin Listkowski,ATT
Panagiotis Karagiorgis,DEF
Junior Ajayi,ATT
Jony,MIL
Domingos Quina,MIL
Joel Malusà,G
Niccolò Fortini,MIL
Luca Belardinelli,MIL
Emirhan İlkhan,MIL
Ayoub Afi,ATT
Jayden Braaf,ATT
Michel Adopo,MIL
José Luis Palomino,DEF
Jacob Rasmussen,DEF
Andrei Coubiș,DEF
Simone Pafundi,MIL
Matthew Garbett,MIL
Luca Napolitano,MIL
Lassina Larsson Coulibaly,MIL
Dejan Kulusevski,MIL
Christian Dalle Mura,DEF
Roger Ibañez,DEF
Ruben Providence,ATT
Destiny Egharevba,ATT
Simone Scaglia,G
Andrea Mazia,ATT
Davide Diaw,ATT
Andrea Sodero,ATT
Marco Pompetti,MIL
Federico Bevilacqua,DEF
Alessandro Selvini,ATT
Cătălin Vulturar,MIL
David Ankeye,ATT
Janis Antiste,ATT
Hamza Haoudi,MIL
Marius Adamonis,G
Giacomo Stabile,DEF
Magnus Warming,ATT
Andrea D'Aniello,G
Kazper Rikard Karlsson,MIL
Saba Goglichidze,DEF
Lukáš Vorlický,ATT
Leonardo Mendicino,MIL
Mohamed Fares,MIL
Pablo Galdames,MIL
Petar Stojanović,DEF
Seydou Fini,MIL
Pablo Rodríguez,ATT
Martin Vetkal,MIL
Aleksandar Stanković,MIL
Wisdom Amey,DEF
Léandre Kuavita,MIL
Pietro Comi,DEF
Nicolò Armini,DEF
Gabriel Meli,G
Ola Solbakken,MIL
Christian Biagetti,DEF
Divock Origi,ATT
Diego Sia,ATT
Kalifa Kujabi,MIL
Mattia Malaspina,MIL
Dalbert,DEF
Andrea Bozzolan,DEF
Ivor Pandur,G
Mamadou Coulibaly,MIL
David Zima,DEF
Lorenzo Ignacchiti,MIL
Alessandro Vinciguerra,ATT
Federico Di Francesco,ATT
Alexandru Gabriel Borbei,G
Mats Lemmens,DEF
Yoan Atanasov Bornosuzov,ATT
Marco Benassi,MIL
Rocco Di Vico,MIL
Sandro Tonali,MIL
Edoardo Piana,G
Fodé Ballo-Touré,DEF
Mattia Chiesa,G
Enzo Ebosse,DEF
Jérémy Doku,BU
Jordan Amavi,DG
Kylian Mbappé,BU
Vitinha,MC
Pierre Lees-Melou,MDC
Radosław Majecki,G
Caio Henrique,MG
Marquinhos,DC
Achraf Hakimi,DD
Wilfried Singo,DC
Emran Soglo,MG
Senny Mayulu,MC
Eliesse Ben Seghir,BU
Danilo Pereira,DC
Massamba Ndiaye,G
Rubén Blanco,G
Ousmane Dembélé,BU
Manuel Ugarte,MC
Gianluigi Donnarumma,G
Dimitry Bertaud,G
Rémy Descamps,G
Mohammed Salisu,DC
Jean-Ricner Bellegarde,MC
Jonathan David,BU
Warren Zaïre-Emery,MC
Kamory Doumbia,MC
Fabián Ruiz,MC
Bafodé Diakité,DC
Denis Zakaria,MC
Anthony Lopes,G
Marco Asensio,BU
Aleksandr Golovin,MOC
Grégoire Coudert,G
Othmane Maamma,BU
Milan Škriniar,DC
Pierre-Emerick Aubameyang,BU
Youssouf Fofana,MC
Facundo Medina,DC
Takumi Minamino,MOC
Thilo Kehrer,DC
Angel Gomes,MDC
Julien Le Cardinal,DC
Leonardo Balerdi,DC
Amir Murillo,MD
Nampalys Mendy,MC
Lucas Hernández,DG
Benjamin Lecomte,G
Wissam Ben Yedder,BU
Valentin Rongier,MC
Kevin Danso,DC
Arnaud Nordin,AD
Marco Bizot,G
Romain Del Castillo,AD
Sanjin Prcić,MC
Vítinha,BU
Benjamin André,MDC
Mohamed Camara,MC
Dante,DC
Mateusz Wieteska,DC
Téji Savanier,MOC
Brice Samba,G
Azor Matusiwa,MC
Nuno Mendes,DG
Saïd Benrahma,BU
Tiago Santos,DD
Nemanja Matić,MC
Maghnes Akliouche,MOC
Jean-Clair Todibo,DC
Florian Sotoca,MOC
Martin Terrier,BU
Alexandre Oukidja,G
Arthur Desmas,G
Georges Mikautadze,BU
Samuel Gigot,DC
Edon Zhegrova,AD
Neil El Aynaoui,MC
Joseph Okumu,DC
Lucas Chevalier,G
Andrey Santos,MC
Stijn Spierings,MC
Mory Diaw,G
Youcef Atal,DD
Emmanuel Agbadou,DC
Ruben Aguilar,MD
Kang-In Lee,BU
Rémy Cabella,AG
Khéphren Thuram,MC
Kenny Lala,DD
Leny Yoro,DC
Baptiste Santamaria,MC
Chancel Mbemba,DC
Warmed Omari,DC
Yann Gboho,MOC
Yvon Mvogo,G
Hicham Boudaoui,MC
Mahdi Camara,MOC
Amine Harit,MC
Jonathan Clauss,DD
Modibo Sagnan,DC
Dilane Bakwa,BU
Bradley Locko,DG
Steve Mandanda,G
Jonas Serge Martin,MDC
Pau López,G
Jérémie Boga,BU
Lilian Brassier,DC
Orel Mangala,MC
Marcin Bułka,G
Gonçalo Ramos,BU
Alexsandro Ribeiro,DC
Carlos Soler,MC
Brendan Chardonnet,DC
Ismaïla Sarr,BU
Alexandre Lacazette,BU
Mathieu Gorgelin,G
Arthur Theate,DC
Nordi Mukiele,DD
Geoffrey Kondogbia,MC
Yoram Zague,DG
Ibrahim Cissoko,MD
Enzo Le Fée,MC
Adam Ounas,AG
Maxence Caqueret,MC
Clinton Mata,DD
Jake O'Brien,DC
Mathias Pereira Lage,AG
Lucas Beraldo,DC
Jonathan Gradit,DC
Junior Onana,MC
Philipp Köhn,G
Corentin Tolisso,MC
Hugo Magnetti,MDC
Youssouf Ndayishimiye,MC
David Da Costa,MOC
Laurent Abergel,MC
Bilal Nadir,MC
Moussa Diarra,DC
Krépin Diatta,MD
Joris Chotard,MDC
Guillermo Maripán,DC
Lorenz Assignon,DD
Breel Embolo,BU
Duje Ćaleta-Car,DC
Iliman Ndiaye,BU
Ismaily,DG
Arnau Tenas,G
Vanderson,MD
Yehvann Diouf,G
Youssef Maziz,AG
Junya Ito,BU
Abdoul Kader Bamba,MOC
Pablo Rosario,MC
Sergio Akieme,DG
Gautier Lloris,DC
Teddy Teuma,MC
Soungoutou Magassa,DC
Saïdou Sow,DC
Kiki Kouyaté,DC
Randal Kolo Muani,BU
Rasmus Nicolaisen,DC
Nicolás Tagliafico,DG
Jordan Veretout,MC
Antoine Mendy,DD
Thijs Dallinga,BU
Ismail Jakobs,MG
Mousa Al-Tamari,AD
Alban Lafont,G
Bradley Barcola,BU
Melvin Bard,DG
Yunis Abdelhamid,DC
Bamo Meïté,DC
Christian Mawissa,DC
Amine Gouiri,BU
Matthieu Udol,DG
Yusuf Yazıcı,MOC
Nabil Bentaleb,MDC
Maxime Estève,DC
Étienne Kinkoué,DC
Azzedine Ounahi,MC
Mikkel Desler,DD
Bećir Omeragić,DC
Mohamed-Ali Cho,BU
Guillaume Restes,G
Jeanuël Belocian,DC
Wesley Saïd,BU
Issiaga Sylla,DG
Christopher Jullien,DC
Romain Faivre,MOC
Yoann Salmier,DC
Habib Keita,MC
Lucas Perrin,DC
Christopher Wooh,DC
Abdukodir Khusanov,DC
Logan Costa,DC
Benjamin Bourigeaud,MD
Amir Richardson,MC
Matthis Abline,BU
Ainsley Maitland-Niles,DD
Morgan Guilavogui,BU
Arnaud Kalimuendo,BU
Paul Akouokou,MDC
Cristian Cásseres,MC
Muhammed Cham,MOC
Zakaria Aboukhlal,MOC
Tom Louchet,MC
Guela Doué,DD
Martín Satriano,BU
Sinaly Diomandé,DC
Elye Wahi,BU
Steve Mounié,BU
Matz Sels,G
Oussama Targhalline,MC
Sadibou Sané,DC
Frédéric Guilbert,DG
Deiver Machado,MG
Renan Lodi,DG
Bilal Boutobba,AD
André Ayew,BU
Angelo Fulgini,MOC
Montassar Talbi,DC
Falaye Sacko,DD
Gerzino Nyamsi,DC
Emmanuel Sabbi,BU
Mostafa Mohamed,BU
Isaak Touré,DC
Keylor Navas,G
Désiré Doué,MG
Mohamed Bamba,BU
Christopher Opéri,DG
Chrislain Matsima,DC
Evann Guessand,BU
Ludovic Blas,BU
César Gelabert,MOC
Alaa Bellaarouch,G
Folarin Balogun,BU
Pape Gueye,MC
Vincent Sierro,MC
Christophe Hérelle,DC
Marshall Munetsi,MC
Adrien Thomasson,MOC
Arouna Sangante,DC
Nabil Alioui,MOC
Jean-Charles Castelletto,DC
Douglas Augusto,MC
Gaëtan Laborde,BU
Ronaël Pierre-Gabriel,DC
Eray Cömert,DC
Abdoulaye Touré,MC
Abdoul Koné,DD
Marquinhos,AD
Shamar Nicholson,BU
Neto Borges,MG
Carlos Baleba,MDC
Gabriel Gudmundsson,DG
Gabriel Suazo,DG
Jeffinho,AG
Morgan Sanson,MC
Jean-Louis Leca,G
Florent Mollet,MOC
Badredine Bouanani,MOC
Dejan Lovren,DC
Terem Moffi,BU
Frank Magri,BU
Pedro Chirivella,MC
Habib Diarra,MC
Ibrahim Salah,MG
Amadou Koné,MC
Pape Amadou Diallo,MG
Moses Simon,MOC
Adrien Truffert,DG
Tanguy Bemin Coulibaly,AG
Johann Lepenant,MDC
Fali Candé,DC
Andy Pelmard,DC
Nicolas Pallois,DC
Ablie Jallow,MOC
Akor Adams,BU
Andy Diouf,MC
Jérémy Le Douaron,BU
Fabian Rieder,MOC
Abakar Sylla,DC
Cheikh Sabaly,AG
Alidu Seidu,DC
Nathaniel Adjei,DC
Imrân Louza,MC
Keito Nakamura,BU
Oumar Diakité,BU
Saël Kumbedi,DD
Quentin Merlin,DG
Przemysław Frankowski,MD
Ulisses Garcia,DG
Sofiane Diop,BU
Denis Genreau,MC
Niklas Schmidt,MC
Julien Ponceau,MOC
Loïc Négo,MD
Shavy Babicka,AD
Vito Mannone,G
Khalil Fayad,AG
Koffi Kouao,DD
Vincent Le Goff,MG
Adson,MOC
Yassine Kechta,MC
Darlin Yongwa,MG
Kassoum Ouattara,DG
Kévin Keben,DC
Mama Baldé,BU
Siriné Doucouré,BU
Silvan Hefti,MD
Reda Khadra,BU
Jordan Ferri,MDC
Daler Kuzyaev,MC
Ivan Cavaleiro,AG
Hákon Haraldsson,AG
Mohamed Daramy,BU
Wahbi Khazri,AG
Ayman Kari,MOC
Junior Mwanga,MC
Bamba Dieng,BU
Marvin Senaya,DD
Ângelo,BU
Johan Gastien,MC
Arthur Atta,MC
Formose Mendy,DC
Lucas Mincarelli,DG
Aron Dønnum,AD
Maxime Gonalons,MC
Ernest Nuamah,BU
Salis Abdul Samed,MC
Rayan Cherki,MOC
Thomas Foket,DD
Luis Henrique,BU
Kevin Gameiro,BU
Lamine Camara,MC
Emanuel Emegha,BU
Florent Ogier,DC
Eli Junior Kroupi,BU
Jordan Lotomba,DD
Maxime Colin,DD
Ibrahima Sissoko,MC
Alexis Claude-Maurice,MC
Warren Kamanzi,MD
Massadio Haïdara,DC
Josué Casimir,BU
Valentin Atangana Edoa,MC
Mohamed Bayo,BU
Elbasan Rashani,MOC
Cheick Oumar Konaté,MD
Malick Fofana,BU
Ibrahim Diakité,DD
Marcus Coco,MD
Henrique,DG
Tiémoué Bakayoko,MC
Lebo Mothiba,BU
Nicolas Cozza,DG
Théo Le Bris,MG
Jim Allevinah,MG
Axel Gueguin,DLG
Maximiliano Caufriez,DC
Julien Laporte,DC
Ismaël Traoré,DC
Enzo Tchato,DD
Rabby Nzingoula,MC
Ismaël Doukouré,MC
Thomas Delaine,MG
Kévin N'Doram,MC
Pablo Pagis,MOC
Amine Salama,BU
Théo Sainte-Luce,DG
Samuel Umtiti,DC
Élysée Logbo,BU
Jean-Kévin Duverne,DG
Benjamin Tetteh,BU
Ignacio Miramón,MDC
Kelvin Amian,DD
Thibault De Smet,DG
Danley Jean-Jacques,MC
Moussa Sissoko,MOC
Benjamin Stambouli,MC
Bonke Innocent,MDC
Samuel Moutoussamy,MC
Bertuğ Yıldırım,BU
Moïse Sahi Dion,MOC
Kévin Van Den Kerkhof,MD
Nathan Zézé,DC
Óscar Estupiñán,BU
Jérémy Jacquet,DD
Maxime Busi,MD
Alan Virginius,BU
Simon Elisor,BU
Joel Asoro,AD
Didier Lamkel Zé,BU
Gédéon Kalulu,MD
Josh Wilson-Esbrand,DG
Amin Sarr,BU
Aiyegun Tosin,MOC
Oualid El Hajjam,DG
Faris Moumbagna,BU
Skelly Alvero,MC
Mehdi Zeffane,MD
Bénie Traoré,BU
Benjamin Mendy,MG
Romain Perraud,DG
Jean-Victor Makengo,MC
Yohann Magnin,MC
Tino Kadewere,BU
Billal Brahimi,BU
Panos Katseris,MD
Jhoanner Chávez,MG
Jessy Deminguet,MC
Malick Mbaye,MD
Aboubacar Ali Abdallah,BU
Ababacar Lô,MC
Ignatius Ganago,AD
Yanis Begraoui,MG
Komnen Andrić,BU
Antoine Joujou,AG
Habib Maïga,MC
Gift Orban,BU
Joseph Nduquidi,MC
Thérence Koudou,DD
Jérémie Bela,AG
Rémy Riou,G
Joaquín Correa,BU
Yoël Armougom,MG
François Mughe,MD
Rassoul Ndiaye,MC
Joel Mvuka,MD
Mahamadou Diawara,MC
Issa Soumaré,BU
Mamadou Diakhon,BU
Mahamadou Nagida,MG
Grejohn Kyei,BU
Igor Silva,DD
Loris Mouyokolo,DC
Achraf Dari,DC
Steve NGoura,BU
Léo Leroy,MDC
Aurélien Pelon,DC
Jérémy Sebas,MOC
Samuel Grandsir,MOC
Fabien Centonze,MD
Mamadou Coulibaly,MD
Ilhan Fakili,MOC
Yann Karamoh,BU
Ayyoub Bouaddi,MDC
Diego Moreira,AG
Faitout Maouassa,MG
Bastien Meupiyou,DC
Boubacar Traoré,MIL
Mokrane Bentoumi,MIL
Xhuliano Skuka,ATT
Djibrail Dib,ATT
Maïdine Douane,MIL
Saïd Hamulic,ATT
Mohamed Achi,MIL
Ibrahima Niane,ATT
Christ Emmanuel Letono Mbondi,ATT
Noah Françoise,MIL
Amay Caprice,DEF
Hugo Lamy,DEF
Teddy Boulhendi,G
Tetê,ATT
Gor Manvelyan,MIL
Mehdi Chahiri,ATT
Noah Edjouma,ATT
Gabriel Moscardo,MIL
Lucas Michal,ATT
Abdoulaye Ndiaye,DEF
Mohamed Bechikh,ATT
Lionel Messi,ATT
Dimitri Liénard,MIL
Ange Lago,ATT
Bartosz Żelazowski,G
Geoffrey Lembet,G
Lamine Diack,MIL
Enzo Couto,DEF
Arthur Rene Abdel Aziz Zagré,DEF
Enzo Garrido,G
Adam Buksa,ATT
Yakine Said M'Madi,DEF
Tommy Le Verge,DEF
Samuel Koeberlé,MIL
Kenny Nagera,ATT
Thomas Didillon-Hödl,G
Warren Tchimbembé,MIL
Léo Ripert,G
Luis Suárez,ATT
Valentin Rosier,DEF
Ritchy Valme,DEF
Kevin Volland,ATT
Lovro Majer,MIL
Florian Baranik,MIL
Houssem Aouar,MIL
Paul Argney,G
Marc-Aurèle Caillard,G
Alexandre Pierre,G
Mathieu Patouillet,G
Adrien Lebeau,MIL
Josué Escartin,DEF
Yuito Suzuki,MIL
Habib Diallo,ATT
Nehemiah Fernandez,DEF
Robin Voisine,DEF
Tidiane Diallo,ATT
Brecht Dejaegere,MIL
Nolan Ferro,MIL
Óscar Cortés,ATT
Jean Lucas,MIL
Yan Marillat,G
Adil Aouchiche,MIL
Taïryk Arconte,ATT
Ayoub Amraoui,DEF
Ado Onaiwu,ATT
Nicolas Wasbauer,DEF
Axel Camblan,MIL
Mohamed El Arouch,MIL
Sumaila Awudu,DEF
Eduard Sobol,DEF
Achraf Laaziri,DEF
Thiago Mendes,MIL
Álex Domínguez,G
Yoann Cathline,ATT
Anthony Bermont,ATT
Colin Dagba,DEF
Simon Ngapandouetnbu,G
Pathé Mboup,ATT
Kandet Diawara,MIL
Veljko Birmančević,MIL
Lucas Perri,G
Karl Toko-Ekambi,ATT
Mathis Oger,MIL
Lucas Lavallée,G
N'Dri Koffi,ATT
Darryl Bakola,MIL
Yann Lienard,G
Terence Kongolo,DEF
Gabriel Barès,MIL
Ikechukwu Orazi,ATT
Sekou Lega,ATT
Dario Marešić,DEF
Iuri Moreira,ATT
Martin Adeline,MIL
Harisson Marcelin,DEF
Vágner,ATT
Yllan Okou,DEF
Matys Donavin,DEF
Birger Meling,DEF
Ilyes Housni,ATT
Noah Diliberto,MIL
Miloš Luković,ATT
Djamal Moussadek,DEF
Saïmon Bouabré,MIL
Gelson Martins,MIL
Lohann Doucet,MIL
Nazim Babaï,DEF
Naël Jaby,MIL
Andrej Ilić,ATT
Marco Verratti,MIL
Akim Zedadka,DEF
Karol Fila,DEF
Nhoa Sangui,DEF
Jaouen Hadjam,DEF
Valon Berisha,MIL
Justin Bengui João,G
Mitchell van Bergen,ATT
Timothée Pembélé,DEF
Maxime Bastian,DEF
Karamoko Dembélé,ATT
Elias Damergy,G
Mattéo Guendouzi,MIL
Franci Bouebari,DEF
Alexander Djiku,DEF
Léo Jousselin,DEF
Edhy Zuliani,MIL
Sam Sanna,MIL
Mamady Bangré,MIL
Adryelson Silva,DEF
Cheick Doumbia,DEF
Alexis Beka Beka,MIL
Tasos Donis,ATT
Pol Lirola,DEF
Amine Messoussa,ATT
Naatan Skyttä,MIL
Aloïs Confais,MIL
Maxime Le Marchand,DEF
Serhou Guirassy,ATT
Cem Türkmen,MIL
Rocco Angelo Ascone,MIL
Sofiane Sidi Ali,MIL
Benoît Badiashile,DEF
Gino Caoki,MIL
Ouparine Djoco,G
Junior Diaz,DEF
Fallou Fall,DEF
Ibrahima Koné,ATT
Killian Prouchet,DEF
Dembo Sylla,DEF
Steven Fortès,DEF
Fodé Sylla,MIL
Aliou Baldé,ATT
Quentin Boisgard,MIL
Alexis Flips,MIL
Mohamed-Amine Bouchenna,ATT
Giovani Versini,ATT
Abdellah Baallal,ATT
Kaïl Boudache,ATT
Arthur Avom,MIL
Salifou Soumah,ATT
Noah Lahmadi,MIL
Kaj Sierhuis,ATT
Sérigné Faye,ATT
Myron Boadu,ATT
Quentin Cornette,MIL
Tom Saettel,ATT
Bonota Traore,ATT
Lesley Ugochukwu,MIL
Mamadou Sakho,DEF
Ismaëlo Ganiou,DEF
Serif Nhaga,DEF
Eiji Kawashima,G
Eliot Matazo,MIL
Xavi Simons,MIL
Sami Wattel,MIL
Royce Openda,ATT
Ilyes Aradj,DEF
Eliÿs Araar Fernandez,DEF
Layvin Kurzawa,DEF
Mauro Icardi,ATT
Renato Sanches,MIL
Mohamed Bamba,MIL
Alexis Sánchez,ATT
Raimane Daou,MIL
Junior Ndiaye Billong,ATT
Édouard Michut,MIL
Reda Belahyane,MIL
Morgan Bokele,ATT
Yann Kitala,ATT
Cheick Keita,DEF
Kléri Serber,MIL
Yanis Guermouche,ATT
Junior Flemmings,ATT
Farès Chaïbi,MIL
Jérôme Boateng,DEF
Anas Nanah,DEF
Noam Mayoka-Tika,MIL
Salim Ben Seghir,MIL
Luck Zogbé,DEF
Benoît Costil,G
Rémy Labeau-Lascary,ATT
Belmin Dizdarević,G
Théo Ramousse,G
Nemanja Radonjić,ATT
Xeka,MIL
Yanis Ali Issoufou,ATT
Teo Allix,DEF
Robin Risser,G
Sacha Delaye,ATT
Aaron Malouda,ATT
Elies Mahmoud,MIL
Yuliwes Bellache,MIL
Maxime Dupé,G
Sofiane Alakouch,DEF
Bassirou N'diaye,ATT
Ludovic Butelle,G
Yoni Gomis,DEF
Yacine Chaib,DEF
Matthieu Dreyer,G
Adrian Grbic,ATT
Noha Lemina,ATT
Mohamed Touré,ATT
Alexander Nübel,G
Malamine Efekele,ATT
Amadou Samoura,ATT
Alexis Kabamba,MIL
Ruslan Malinovskyi,MIL
Haris Belkebla,MIL
Gaël Lafont,MIL
Tom Ducrocq,MIL
Keny Mbala,DEF
Jimmy Cabot,MIL
Mamadou Sarr,DEF
Check-Oumar Diakité,MIL
Pape Ibnou Bâ,ATT
Roggerio Nyakossi,DEF
Cengiz Ünder,ATT
Aïman Maurer,MIL
Adrien Louveau,DEF
Andreaw Gravillon,DEF
Jelle Van Neck,G
Stredair Appuah,ATT
Alain Zadi,G
Tom Rapnouil,MIL
Antonin Cartillier,DEF
Andrei Girotto,DEF
Leandro Paredes,MIL
Hugo Barbet,G
Issiaga Camara,MIL
Léo Rouillé,DEF
Jens Cajuste,MIL
Walid Hasbi,G
Ayanda Sishuba,MIL
Samir El Mourabet,MIL
Camilo,MIL
Paolo Sciortino,MIL
Abdou Diallo,DEF
Willem Geubbels,ATT
Georginio Wijnaldum,MIL
Anthony Rouault,DEF
Yannis Nahounou,DEF
Malang Sarr,DEF
Cher Ndour,MIL
Alexandre Tunkadi,MIL
Damien Da Silva,DEF
Yannick Pandor,G
Kjetil Haug,G
Papa Ndiaga Yade,ATT
Victor Lekhal,MIL
Stan Berkani,MIL
Ichem Ferrah,ATT
Ousmane Touré,DEF
Justin Lacombe,G
Joe-Loïc Affamah,ATT
Jeff Reine-Adélaïde,MIL
Tiago Djaló,DEF
Oliver Zandén,DEF
Sami Lahssaini,MIL
Mohamed Jaouab,DEF
Ludovic Ajorque,ATT
Hugo Boutsingkham,DEF
Antoine Nuss,DEF
Arthur Daniel Tchaptchet,DEF
Rhys Healey,ATT
Jean-Eudes Aholou,MIL
Mohamed Ezzarhouni,G
Dion Lopy,MIL
Seko Fofana,MIL
Romaric Etonde,ATT
Adam Mabrouk,MIL
Dehmaine Tabibou,MIL
Théo Trinker,MIL
Kelvin Yeboah,ATT
Enzo Genton,DEF
Mathis Lambourde,ATT
Alexandre Olliero,G
Theocharis Tsingaras,MIL
Théo Chennahi,MIL
Neymar,ATT
Samuel Loric,DEF
Mohamed Koné,G
Dominique Youfeigane,G
El Chadaille Bitshiabu,DEF
Trévis Dago,ATT
Djaoui Cissé,MIL
Loïs Openda,ATT
Djibril Konté,ATT
Yahya Soumaré,ATT
Jere Uronen,DEF
Edan Diop,MIL
Chaïm El Djebali,MIL
Adame Faïz,MIL
Sergio Rico,G
Steven Baseya,DEF
Łukasz Poręba,MIL
Kasper Dolberg,ATT
Alexandre Letellier,G
Stephy Mavididi,ATT
Gabriel Tutu,DEF
Jamal Thiaré,ATT
Julian Pollersbeck,G
Lilian Baret,MIL
Flavien Tait,MIL
Joane Gadou,DEF
Rafael Ratão,ATT
Moritz Jenz,DEF
Presnel Kimpembe,DEF
Marvin Elimbi,DEF
Lisandru Olmeta,G
Moustapha Mbow,DEF
Juan Bernat,DEF
Sergio Ramos,DEF
Ismaël Gharbi,MIL
Guillaume Dietsch,G
Tom Negrel,G
Daouda Traoré,MIL
Malo Gusto,DEF
Robson Bambu,DEF
Simon Ebonog,MIL
Salvatore Sirigu,G
Nolan Mbemba,MIL
Ylan Gomes,ATT
Dany Jean,ATT
Moussa Dembélé,ATT
Yanis Massolin,MIL
Stéphane Sparagna,DEF
Adam Abeddou,ATT
Félix Lemaréchal,MIL
Julian Draxler,MIL
Aurélien Platret,DEF
Keyliane Abdallah,ATT
Castello Lukeba,DEF
Mathéo Bodmer,MIL
Pedro Ruiz,ATT
Calvin Stengs,MIL
Aliou Thiare,DEF
Fraser Hornby,ATT
Nordine Kandil,MIL
Amidou Doumbouya,MIL
Nassim Chadli,ATT
Alfred Gomis,G
Abdelwahed Wahib,DEF
Jules Bery,DEF
Loïc Badé,DEF
Théo Borne,G
Irvyn Lomami,DEF
Vignon Mathieu Patrick Ouotro,ATT
Wuilker Fariñez,G
Rafael Fernandes,DEF
Andy Delort,ATT
Yann Batola,G
Ilan Kebbal,MIL
Charles Divialle-Corbière,MIL
Ibrahima Baldé,ATT
Loum Tchaouna,ATT
Yaya Fofana,MIL
Hiang'a Mbock,MIL
Djeidi Gassama,ATT
Adel Azhardine Mahamoud,ATT
Florent Sanchez,MIL
Ibou Sané,ATT
Charles Traoré,DEF
Mohamed Sylla,DEF
Adama Bojang,ATT
Konrad de La Fuente,ATT
Vincent Burlet,DEF
Stéphane Diarra,ATT
Isak Pettersson,G
Tiago Morais,ATT
Aristide Wam,MIL
Nolan Bonte,MIL
Enzo Mongo,DEF
Ivan Adnan Joshua M'Bahia,DEF
Pablo Sarabia,MIL
Yacouba Barry,MIL
Gauthier Gallon,G
Jordan Robinand,MIL
Hugo Ekitike,ATT
Youssouf Koné,DEF
Albin Demouchy,DEF
Axel Disasi,DEF
Denis Petrić,G
Kayne Bonnevie,G
Yannis M'Bemba,DEF
Brice Negouai,DEF
Ismaël Boura,DEF
Carmel Mabanza,MIL
Rafik Messali,ATT
Rayan Bamba,DEF
Kasper Schmeichel,G
Branco van den Boomen,MIL
Mayssam Benama,MIL
Thomas Himeur,G
Anthony Musaba,ATT
Arbër Zeneli,MIL
Tom Pouilly,MIL
Rafik Guitane,MIL
Kevin Strootman,MIL
Adam Jakubech,G
Mamadou Camara,MIL
Joffrey Bazié,MIL
Kjell Wätjen,MDC
Exequiel Palacios,MC
Josip Stanišić,DC
Granit Xhaka,MC
Serhou Guirassy,BU
Alejandro Grimaldo,MG
Robert Andrich,MC
Harry Kane,BU
Bryan Zaragoza,AG
Deniz Undav,BU
Piero Hincapié,DC
Fabian Bredlow,G
Alexander Schwolow,G
Leon Goretzka,MDC
Jamal Musiala,MOC
Victor Boniface,BU
Lovro Zvonarek,AD
Edmond Tapsoba,DC
Jonathan Tah,DC
Maximilian Mittelstädt,DG
Xavi Simons,MOC
Jens Grahl,G
Leroy Sané,AD
Florian Wirtz,MOC
Matěj Kovář,G
Nico Schlotterbeck,DC
Odilon Kossounou,DC
Ian Maatsen,DG
Jonas Hofmann,MOC
Oliver Baumann,G
Loïs Openda,BU
Patrik Schick,BU
Matthijs de Ligt,DC
Angelo Stiller,MDC
Alphonso Davies,DG
Emre Can,MDC
Min-Jae Kim,DC
Amadou Haidara,MDC
Donyell Malen,BU
Joshua Kimmich,MDC
Eric Dier,DC
Nathan Tella,MOC
Noussair Mazraoui,DD
Dayot Upamecano,DC
Nadiem Amiri,MC
Andrej Kramarić,MOC
Arthur,MG
Dani Olmo,MOC
Xaver Schlager,MDC
Omar Marmoush,BU
Konrad Laimer,DD
Gregor Kobel,G
Atakan Karazor,MDC
Castello Lukeba,DC
Hugo Ekitike,BU
Jeremie Frimpong,MD
Dan-Axel Zagadou,DC
Ramy Bensebaïni,DG
Willi Orban,DC
Thomas Müller,MOC
Waldemar Anton,DC
Manuel Riemann,G
Moritz Nicolas,G
Michael Zetterer,G
Enzo Millot,MOC
Mathys Tel,AD
Lukáš Hrádecký,G
Chris Führich,AG
Niklas Süle,DC
Hiroki Ito,DC
Aleksandar Pavlović,MDC
Benjamin Henrichs,DD
Péter Gulácsi,G
Sepp van den Berg,DC
Kingsley Coman,AD
Adam Hložek,MOC
Keven Schlotterbeck,DC
Kevin Müller,G
Frederik Rønnow,G
Florian Grillitsch,DC
Marcel Sabitzer,MDC
Daniel Batz,G
Amine Adli,MOC
Benjamin Šeško,BU
Robin Hack,BU
Bouna Sarr,DG
Jadon Sancho,BU
Anton Stach,MC
Yussuf Poulsen,BU
Mert Kömür,MOC
Leonidas Stergiou,DD
Mohamed Simakan,DC
Finn Dahmen,G
Kevin Kampl,MDC
Felix Nmecha,MC
David Raum,DG
Raphaël Guerreiro,MDC
Danilo Soares,MG
Marco Reus,MOC
Niklas Beste,AG
Julian Weigl,MC
Jeffrey Gouweleeuw,DC
Noah Atubolu,G
Youssoufa Moukoko,BU
Tomáš Koubek,G
Marcel Schuhen,G
Willian Pacho,DC
Mats Hummels,DC
Pascal Stenzel,DD
Nnamdi Collins,DD
Maximilian Beier,BU
Julian Ryerson,DD
Lukas Klostermann,DC
Maxence Lacroix,DC
Jonathan Burkardt,BU
Nico Elvedi,DC
Anthony Rouault,DC
Kevin Simone Sessa,MOC
Patrick Mainka,DC
Julian Brandt,MC
Marco Friedl,DC
Robin Koch,DC
Niklas Stark,DC
Niclas Füllkrug,BU
Ellyes Skhiri,MC
Maximilian Wöber,DC
Michael Gregoritsch,BU
Serge Gnabry,AG
Maxim Leitsch,DC
Ozan Kabak,DC
Randal Kolo Muani,BU
Matthias Ginter,DC
Ermedin Demirović,BU
Manuel Neuer,G
Jonas Omlin,G
Florian Neuhaus,MC
Julian Chabot,DC
Jonas Wind,BU
Salih Özcan,MDC
Amos Pieper,DC
Joakim Mæhle,DD
Timo Hübers,DC
Kevin Trapp,G
Tuta,DC
Hrvoje Smolčić,DC
John Anthony Brooks Jr,DC
Danilho Doekhi,DC
Kevin Stöger,MC
Jamie Leweling,AD
Marvin Schwäbe,G
Koen Casteels,G
Felix Uduokhai,DC
Mahmoud Dahoud,MDC
Alassane Pléa,BU
Alexander Meyer,G
Franck Honorat,MD
Fábio Carvalho,MG
Robin Knoche,DC
Vincenzo Grifo,MOC
Josha Vagnoman,DD
Wout Weghorst,BU
Maximilian Arnold,MC
Josuha Guilavogui,DC
Robin Zentner,G
Brajan Gruda,MOC
Mitchell Weiser,MD
Marvin Ducksch,BU
Jamie Bynoe-Gittens,AG
Rafael Borré,BU
Kevin Vogt,DC
Antonios Papadopoulos,DC
Marco Richter,MOC
Mateu Morey,DG
Kevin Paredes,MG
Fabian Schnellhardt,MC
Lucas Höler,BU
Eric Maxim Choupo-Moting,MOC
Jae-Sung Lee,MOC
Iago,DG
Niklas Dorsch,MDC
Senne Lynen,MC
Silas,AD
Philipp Max,MG
Mario Götze,MC
Edimilson Fernandes,DC
Patric Pfeiffer,DC
Nicolas Höfler,MC
Alexander Nübel,G
Ihlas Bebou,BU
Thomas Meunier,DD
Diogo Leite,DC
Hugo Larsson,MC
Sven Ulreich,G
Ritsu Dōan,MD
Robin Gosens,MG
Kristijan Jakić,MDC
Clemens Riedel,DC
Pavao Pervan,G
Ko Itakura,DC
Janis Blaswich,G
Gonçalo Paciencia,BU
Rocco Reitz,MC
Philipp Lienhart,DC
Gian-Luca Waldschmidt,MOC
Mattias Svanberg,MC
Tim Kleindienst,BU
Jan Schöppner,MDC
Andreas Hanche-Olsen,DC
Marvin Friedrich,DC
Václav Černý,AD
Patrick Osterhage,MC
Nick Woltemade,BU
Maximilian Eggestein,MC
Jens Stage,MC
Grischa Prömel,MC
Eljif Elmas,MOC
Manuel Gulde,DC
Lukas Kübler,DC
Farès Chaïbi,MOC
Sebastiaan Bornauw,DC
Anthony Caci,MG
Bernardo,DG
Nathan Ngoumou,BU
Jacob Christensen,MC
Ivan Ordets,DC
Anthony Jung,DC
Woo-Yeong Jeong,MOC
Philipp Hofmann,BU
Leandro Barreiro,MC
Romano Schmid,MC
Manu Koné,MC
Jiří Pavlenka,G
Amin Sarr,MOC
Arne Maier,MG
Dion Drena Beljo,BU
Kevin Behrens,BU
Lukas Daschner,BU
Robert Skov,MG
Luca Netz,MG
Lovro Majer,MOC
Justin Njinmah,BU
Saša Kalajdžić,BU
Fredrik Jensen,MD
Paul Jaeckel,DC
Emil Forsberg,MOC
Ridle Baku,MD
Fabian Nürnberger,MG
Cristian Gamboa,DD
Roland Sallai,MOC
Maximilian Philipp,BU
Yannik Keitel,DC
Jérôme Roussillon,MG
Aster Vranckx,MC
Davie Selke,BU
Éric Ebimbe,MD
Phillip Tietz,BU
Miloš Veljković,DC
Eric Martel,MDC
Borja Iglesias,BU
Moritz Jenz,DC
Yannick Gerhardt,MC
Dominik Kohr,DC
Merlin Röhl,MOC
Silvan Widmer,MD
András Schäfer,MC
Tom Krauß,MC
Niels Nkounkou,MG
Noah Weißhaupt,MG
Max Finkgräfe,DG
Rubén Vargas,MOC
Felix Agu,MG
Jordan Siebatcheu,BU
Maximilian Bauer,DC
Aurélio Buta,MD
Jordy Makengo,DG
Marnon Busch,DD
Mads Pedersen,DG
Sven Michel,BU
Karim Adeyemi,BU
Omar Traoré,DD
Yorbe Vertessen,BU
Eren Dinkçi,AD
Umut Tohumcu,MC
Felix Passlack,DD
Benedikt Gimber,DC
Marvin Mehlem,MC
Marvin Pieringer,BU
Leonardo Bittencourt,MC
Cédric Zesiger,DC
Maximilian Wittek,MG
Stefan Lainer,DD
Dominique Heintz,DG
Denis Huseinbašić,MDC
Florian Kainz,MOC
Robert Gumny,DD
Tomáš Čvančara,BU
Marius Bülter,MG
Elvis Rexhbeçaj,MDC
Jan Thielmann,BU
Dejan Ljubičić,MDC
Linton Maina,AG
Lucas Tousart,MC
Christopher Antwi-Adjei,BU
Steffen Tigges,BU
Benedict Hollerbach,BU
Pavel Kadeřábek,MD
Anthony Losilla,MC
Luca Pfeiffer,BU
Christian Günter,MG
Rogério,DG
Norman Theuerkauf,MDC
Rani Khedira,MC
Stefan Bell,DC
Lennard Maloney,MDC
Jonas Föhrenbach,DG
Joe Scally,DD
Phillipp Mwene,MG
Ansgar Knauff,MOC
Christoph Klarer,DC
Aïssa Laïdouni,MC
Tobias Kempe,MC
Nicolai Rapp,DC
Josip Juranović,MD
Kevin Volland,BU
Erhan Mašović,DC
Alex Král,MC
Donny van de Beek,MOC
Kiliann Sildillia,DD
Leonardo Bonucci,DC
Karim Onisiwo,BU
Arne Engels,MD
Gio Reyna,AG
Olivier Deman,MG
Julián Malatini,DC
Sargis Adamyan,BU
Nicolas Cozza,DG
Marius Wolf,DD
Tim Breithaupt,MC
Christoph Zimmermann,DC
Patrick Wimmer,MG
Florian Pick,MC
Matthias Bader,MD
Brenden Aaronson,MC
Takuma Asano,BU
Christoph Baumgartner,MOC
Tim Skarke,BU
Timo Werner,MOC
Christian Groß,DC
Janik Haberer,MC
Tim Oermann,DD
Justin Diehl,AG
Jakub Kamiński,AG
Sheraldo Becker,BU
Tim Drexler,DC
Tom Bischof,MOC
Matej Maglica,DC
Nikola Dovedan,MOC
Fabian Holland,MC
Adrian Beck,MOC
Nelson Weiper,BU
Tim Siersleben,DC
Philipp Förster,MG
Tiago Tomás,BU
Faride Alidou,AD
Benno Erik Schmitz,DD
Luca Kilian,DC
Christopher Trimmel,MD
Jannik Müller,DC
Julian Justvan,MC
Leart Paqarada,DG
Danny da Costa,MD
Ludovic Ajorque,BU
Oscar Vilhelmsson,BU
Kevin Mbabu,DD
Rasmus Carstensen,DD
Sébastien Haller,BU
Mark Uth,MOC
Mikkel Kaufmann Sørensen,BU
Klaus Gjasula,DC
Nicolas Seiwald,MDC
Noah Loosli,DC
Finn Ole Becker,MOC
Emir Karić,MG
Stanley Nsoki,DC
Thomas Isherwood,DC
Fraser Hornby,BU
Moritz Broschinski,BU
Matúš Bero,MC
Dawid Kownacki,BU
Kilian Fischer,MD
Jessic Ngankam,BU
Jesper Lindstrøm,BU
Mërgim Berisha,BU
Sebastian Polter,BU
Attila Szalai,DC
Aaron Seydel,BU
David Datro Fofana,BU
Bartol Franjić,MC
Mathias Honsak,BU
Moritz-Broni Kwarteng,BU
Sebastian Rode,MC
Merveille Papela,MOC
Skelly Alvero,MC
Alexander Brunst-Zöllner,G
David Jurásek,MG
Denis Thomalla,MC
Gerrit Holtmann,MG
Aymen Barkok,AD
Braydon Manu,MC
Naby Keïta,MOC
Paxten Aaronson,MC
Lilian Egloff,MDC
Christoph Kramer,MC
Andreas Müller,MDC
Andreas Luthe,G
Sacha Boey,MG
Makoto Hasebe,MDC
Fabio Torsiello,BU
Kyu-Hyun Park,DEF
Kein Sato,ATT
Ryan Gravenberch,MIL
Felix Götze,MIL
Mahmut Kücüksahin,MIL
Lennart Grill,G
Falko Michel,MIL
Dennis Seimen,G
Tim Köhler,DEF
Melayro Bogarde,DEF
Mehdi Loune,MIL
Marian Kirsch,G
Marco John,MIL
Antonio Tikvić,DEF
Marin Pongračić,DEF
Hassan-Malick Sanogo,ATT
Micky van de Ven,DEF
Grant-Leon Ranos,ATT
Julian Rijkhoff,ATT
Diadié Samassékou,MIL
Timothy Chandler,MIL
Simon Martin Zoller,ATT
Yusuf Karhan Kabadayı,ATT
Ben Justus Bobzien,ATT
Vitus Eicher,G
Yvandro Borges Sanches,ATT
Benjamin Uphoff,G
Hannes Wolf,MIL
Julien Duranville,ATT
Philipp Schulze,G
Gil Dias,MIL
Mamadou Doucouré,DEF
Johannes Schenk,G
Samuel Bamba,ATT
Joško Gvardiol,DEF
Felix Finn Lange,DEF
Yann Sommer,G
Luca Denk,DEF
Malik Tillman,MIL
Lukas Petkov,MIL
Renato Veiga,MIL
Lasse Rieß,G
Dudu,G
Aljoscha Kemlein,MIL
Yassin Ben Balla,MIL
Matthias Köbbing,G
Dario Ndubuisi Gebuhr,DEF
Melvin Aladin Ramusović,MIL
Tony Jantschke,DEF
Joel Victor Imasuen,ATT
Henri Koudossou,DEF
Mateo Klimowicz,MIL
Sidney Raebiger,MIL
Paris Brunner,ATT
Muhammed Damar,MIL
Anrie Chase,DEF
Ilaix Moriba,MIL
Hendry Blank,DEF
Nuha Jatta,MIL
Silas Ostrzinski,G
Raul Paula,MIL
Nikola Soldo,DEF
David Čolina,DEF
Jean-Manuel Mbom,MIL
Gustavo Adolfo Puerta Molano,MIL
Bambasé Conté,MIL
Seedy Jarju,DEF
Christopher Lenz,DEF
Matija Marsenić,MIL
Thomas Leon Keller,MIL
Leon Opitz,ATT
Naba Mensah,MIL
Morten Jens Behrens,G
Asaf Avraham Arania,MIL
Nahuel Noll,G
Gabriel Vidović,MIL
Diant Ramaj,G
Bennit Bröger,MIL
Pep Biel,MIL
Nico Baier,MIL
Yannick Eduardo,ATT
Keanan Chidozie Mbaeri Bennetts,MIL
Luca Philipp,G
Max Moerstedt,ATT
Lion Semić,MIL
Stefan Schimmer,ATT
André Silva,ATT
Djibril Sow,MIL
Isak Hansen-Aarøen,MIL
Philipp Pentke,G
Filip Stojilković,ATT
Jonathan Norbye,DEF
Jonathan Asp-Jensen,MIL
Kevin Schade,MIL
Anselmo García MacNulty,DEF
Dennis Geiger,MIL
Joshua Quarshie,DEF
Nathanaël Mbuku,ATT
Noah Katterbach,DEF
Raphael Framberger,DEF
Fabio Di Michele Sanchez,DEF
Jonas Nickisch,G
Niclas Thiede,G
Timo Schlieck,G
Fabio Chiarodia,DC
Fabian Rüdlin,MIL
Jordan Beyer,DEF
Ignacio Ferri Julià,ATT
João Cancelo,DEF
Oluwaseun God Power Osaro Ogbemudia,DEF
Dimitris Limnios,MIL
Lukas Nmecha,ATT
Abdoulaye Kamara,MIL
Benjamin Pavard,DEF
Moussa Cissé,DEF
Mohamed Sankoh,ATT
Ragnar Ache,ATT
Daniel Peretz,G
Olé Pohlmann,MIL
Jérôme Onguéné,DEF
Yannic Stein,G
Marco Pašalić,MIL
Patrick Pentz,G
Alexander Sørloth,ATT
Frederik Winther,DEF
Morten Thorsby,MIL
Tom Hülsmann,G
Roberto Massimo,MIL
Michael Esser,G
Ali Akman,ATT
Michael Eberwein,MIL
Aaron Zehnter,DEF
John Peter Sesay,MIL
Nikolas Nartey,MIL
Niklas Klinger,G
Harpreet Singh Ghotra,MIL
Simon Walde,DEF
Oliver Burke,ATT
Marcel Łubik,G
Taichi Fukui,MIL
Dikeni-Rafid Salifou,MIL
Mohammed Tolba,DEF
Serge Müller,DEF
Semir Telalović,ATT
Lys Mousset,ATT
Paul Tschernuth,G
Marcel Lotka,G
Alexander Hack,DEF
Lucas Hernández,DEF
Tim Müller,DEF
Nico Schulz,DEF
Florian Dietz,ATT
Matteo Pérez Vinlöf,DEF
Daley Blind,DEF
Ken Izekor,ATT
Fisnik Asllani,ATT
Anwar El Ghazi,ATT
Ibrahim Digberekou,DEF
Carlos Gruezo,MIL
Lucas Alario,ATT
Davis Carlos Bautista Medina,MIL
Josué Emanuel Mbila,ATT
Kristian Pedersen,DEF
Madi Monamay Nsosemo,DEF
Maximilian Breunig,ATT
Jovan Milošević,ATT
Konstantinos Mavropanos,DEF
Rafael Lubach,MIL
David Mamutovic,MIL
Mats Pannewig,MIL
Daniel Klein,G
Jean-Mattéo Bahoya,MOC
Florian Schock,G
Jakob Busk,G
Paul Wanner,MIL
Junior Adamu,ATT
Sardar Azmoun,ATT
Mehmet Ibrahimi,ATT
Jakob Löpping,MIL
Stefan Posch,DEF
Elidon Qenaj,ATT
Clinton Lemere Mola,MIL
Rafał Gikiewicz,G
Arijon Ibrahimović,ATT
Adam Aznou,DEF
Thorgan Hazard,MIL
Jaaso Jantunen,G
Patrick Herrmann,ATT
Noah Sarenren-Bazee,MIL
Masaya Okugawa,MIL
André Leipold,ATT
Oscar Fraulo,MIL
Samuele Di Benedetto,MIL
Guillermo Bueno López,DEF
Timothy Fosu-Mensah,DEF
Nemanja Čelić,DEF
Lasse Wilhelm,DEF
Conor Noß,MIL
Niklas Lomb,G
Daniel Katić,DEF
Prince Adu-Addae Junior Aning,MIL
Gabriel Marušić,DEF
Anderson Lucoqui,DEF
Moritz Römling,DEF
Daniel-Kofi Kyereh,MIL
Maurice Malone,ATT
Lino Tempelmann,MIL
Luca Unbehaun,G
Ondrej Duda,MIL
Justin Janitzek,DEF
Elias Bakatukanda,DEF
Benjamin Leneis,G
Soumaïla Coulibaly,DEF
Simon Simoni,G
Tim Schleinitz,MIL
Franz Pfanne,MIL
Moussa Cisse,ATT
Ryan Nils Johansson,ATT
Cimo Patric Röcker,DEF
Dženan Pejčinović,ATT
Bright Arrey-Mbi,DEF
Reece Oxford,DEF
Kauã Santos,G
Jannes-Kilian Horn,DEF
Kelvin Yeboah,ATT
Josep Martínez,G
Irvin Cardona,ATT
Damion Downs,ATT
Leopold Zingerle,G
Paulinho,ATT
El Chadaille Bitshiabu,DEF
Noel Futkeu,ATT
Delano Burgzorg,ATT
Rick van Drongelen,DEF
Jan Olschowsky,G
Frans Krätzig,MIL
Jens Petter Hauge,ATT
Sergio Córdova,ATT
Kenneth Schmidt,DEF
Luke Kevin Gauer,G
Mathis Bruns,DEF
Oscar Schönfelder,ATT
Japhet Tanganga,DEF
Henry Jon Crosthwaite,ATT
Maxim Dal,DEF
Noël Aséko,MIL
Ilia Gruev,MIL
Max Schmitt,G
Luka Janeš,MIL
Lukáš Ambros,MIL
Tobias Sippel,G
Dominik Becker,DEF
Elias Niklas Baum,DEF
Tarek Buchmann,DEF
Christian Kühlwetter,ATT
Thomas Kastanaras,ATT
Francis Onyeka,ATT
Tom Rothe,DEF
Mathias Olesen,MIL
Shio Fukuda,ATT
Jordi Osei-Tutu,DEF
Florent Muslija,MIL
Chris Bedia,ATT
Agon Elezi,MIL
Caden Clark,MIL
Borna Sosa,DEF
Lasse Günther,DEF
Hugo Johannes Walter Rölleke,G
Lukas Ullrich,DEF
Joshua Eze,MIL
Niklas Sauter,G
Florian Niederlechner,ATT
Nathaniel Brown,DEF
Maximilian Rosenfelder,DEF
Spyridon Angelidis,G
Daniel Hausmann,ATT
Mika Baur,ATT
Marko Mladenović,MIL
Noah Mbamba,MIL
Jude Bellingham,MIL
Reno Morris Münz,DEF
Marcus Müller,ATT
Ronaël Pierre-Gabriel,DEF
Igor Matanović,ATT
Anders Rønne Børset,DEF
Luca Raimund,MIL
Frank Feller,G
Ulysses Llanez,MIL
Luis Hartwig,ATT
David Josef Deger,MIL
Max Scholze,ATT
Mikolaj Marutzki,G
Miloš Pantović,MIL
Jens Castrop,MIL
Nishan Burkart,ATT
Magnus Warming,ATT
Maximilian Brüll,G
Fabrice Hartmann,MIL
Sadio Mané,ATT
Wataru Endo,MIL
Liam Morrison,DEF
Göktan Gürpüz,MIL
Kofi Amoako,MIL
Anthony Modeste,ATT
Ayman Aourir,MIL
Kasim Nuhu,DEF
Nils Ramming,G
Florian Müller,G
Frank Ronstadt,DEF
Tim Köther,MIL
Marcel Wenig,MIL
Laurenz Dehl,MIL
Jozo Stanić,DEF
Maximilian Heini Wendt,G
Paul-Philipp Besong,ATT
Laurin Ulrich,MIL
Genki Haraguchi,MIL
Hugo Novoa,ATT
Adama Traoré,AG
Rodri,MDC
Thomas Strakosha,G
Enes Ünal,BU
Michael Olise,BU
Giovani Lo Celso,MDC
Leander Dendoncker,MDC
Arijanet Murić,G
Bukayo Saka,BU
Phil Foden,AD
Declan Rice,MC
Manor Solomon,AG
Nathan Aké,DC
Manuel Akanji,DC
Martin Ødegaard,MC
Jack Grealish,AG
Cole Palmer,MOC
Mateo Kovačić,MDC
Mohamed Salah,BU
Jérémy Doku,AG
Kevin De Bruyne,MOC
Virgil van Dijk,DC
Tyler Adams,MDC
Joško Gvardiol,DG
Erling Haaland,BU
Cristian Romero,DC
Rúben Dias,DC
Eberechi Eze,MOC
Harvey Elliott,MC
Diogo Jota,BU
Gabriel Magalhães,DC
Bernardo Silva,AD
Kyle Walker,DD
Kai Havertz,MC
John Stones,DC
Oleksandr Zinchenko,DG
Bruno Guimarães,MC
Jacob Murphy,BU
Thiago Silva,DC
Alexis Mac Allister,MC
Trent Alexander-Arnold,DD
Ibrahima Konaté,DC
Conor Gallagher,MDC
Julián Álvarez,MOC
Martin Dúbravka,G
Dominik Szoboszlai,MC
Cody Gakpo,BU
Caoimhín Kelleher,G
Darwin Núñez,BU
Thomas Partey,MC
Takehiro Tomiyasu,DG
Jordan Pickford,G
James Maddison,MOC
Emile Smith Rowe,MC
Moisés Caicedo,MDC
Pascal Alexander Groß,MDC
Conor Bradley,DD
Mark Travers,G
Alphonse Aréola,G
William Saliba,DC
Micky van de Ven,DC
Tom Cairney,MDC
Solly March,AD
Bruno Fernandes,MOC
Anthony Gordon,BU
Andrew Robertson,DG
Kevin Schade,BU
André Onana,G
Maxwell Cornet,MD
Jarell Quansah,DC
Ben White,DD
Luis Díaz,BU
Ollie Watkins,BU
Leandro Trossard,BU
Robin Olsen,G
Hannibal Mejbri,MOC
Heung-Min Son,BU
Lewis Hall,DG
Rico Lewis,DD
Ben Davies,DC
Jan Paul van Hecke,DC
Gabriel Jesus,BU
James Trafford,G
Neto,G
Emiliano Martínez,G
Youri Tielemans,MC
Lewis Dunk,DC
Diogo Dalot,DD
Guglielmo Vicario,G
José Sá,G
Douglas Luiz,MC
Thomas Kaminski,G
Trevoh Chalobah,DC
Daniel Muñoz,MD
Jorginho,MC
Alexander Isak,BU
Mohammed Kudus,AD
Amad Diallo,MOC
Đorđe Petrović,G
Noni Madueke,AD
Harry Maguire,DC
Malo Gusto,DD
Jakub Kiwior,DG
Pedro Porro,DD
Bryan Mbeumo,BU
Julio Enciso,MOC
Leon Bailey,MD
Ivan Toney,BU
Matheus Cunha,BU
Raphaël Varane,DC
Neal Maupay,BU
Yves Bissouma,MDC
Pape Matar Sarr,MDC
Bernd Leno,G
Idrissa Gana Gueye,MC
Robert Sánchez,G
Ethan Pinnock,DC
Rodrigo Muniz,BU
Elliot Anderson,MC
Callum Wilson,BU
Callum Hudson-Odoi,AG
Nicolas Jackson,BU
Tino Livramento,DD
Levi Colwill,DG
Pedro Neto,BU
Pau Torres,DC
Gabriel Martinelli,BU
João Palhinha,MDC
Eddie Nketiah,BU
Joachim Andersen,DC
Álex Moreno,DG
Reiss Nelson,BU
Ezri Konsa,DD
Nick Pope,G
Chiedozie Ogbene,MD
Stefan Ortega,G
James Ward-Prowse,MOC
Łukasz Fabiański,G
Ederson,G
Willy Boly,DC
Adam Webster,DC
Jarrad Branthwaite,DC
Benoît Badiashile,DC
Morgan Gibbs-White,MOC
Cheick Doucouré,MDC
Max Kilman,DC
Josh Cullen,MC
Craig Dawson,DC
Destiny Udogie,DG
Luis Sinisterra,AG
Amadou Onana,MC
Adam Wharton,MC
Raheem Sterling,AG
James Tarkowski,DC
Mark Flekken,G
Boubacar Kamara,MC
Enzo Fernández,MDC
Jarrod Bowen,BU
John McGinn,MG
Marcos Senesi,DC
Alejandro Garnacho,AG
Joe Gomez,DG
Axel Disasi,DC
Richarlison,BU
Joël Matip,DC
Billy Gilmour,MDC
Chris Wood,BU
Bart Verbruggen,G
Ryan Gravenberch,MC
Tyrone Mings,DC
Marcus Rashford,AG
Alexander Iwobi,AG
Scott McKenna,DC
Alisson Becker,G
Ross Barkley,MC
Loris Karius,G
Willian,AG
Harvey Barnes,BU
Fabian Schär,DC
Lucas Paquetá,AG
Vitalii Mykolenko,DG
Mario Lemina,MC
Marc Cucurella,DG
Simon Adingra,AD
Pervis Estupiñán,DG
Antoine Semenyo,AD
Emerson Royal,DC
Yoane Wissa,BU
Jefferson Lerma,MC
Christian Nørgaard,MC
Kostas Tsimikas,DG
Jordan Ayew,BU
Mykhaïlo Mudryk,AG
Igor,DC
Reece James,DD
Tomáš Souček,MDC
Jack Hinshelwood,DD
Oliver Skipp,MDC
Casemiro,MDC
Marc Guéhi,DC
Dejan Kulusevski,AD
Odsonne Édouard,BU
Jonny Evans,DC
Wataru Endo,MC
David Raya,G
Kaoru Mitoma,AG
Tariq Lamptey,DD
Rayan Aït-Nouri,MG
Nicolás Domínguez,MC
Chris Richards,DC
Moussa Diaby,BU
Tosin Adarabioyo,DC
Jean-Philippe Mateta,BU
Dara O'Shea,DC
João Pedro,BU
Wes Foderingham,G
Kieran Trippier,DD
Fábio Vieira,MC
Curtis Jones,MC
Nathan Collins,DC
Joël Veltman,DD
Pierre-Emile Højbjerg,MDC
Dean Henderson,G
Antonee Robinson,DG
Albert Sambi Lokonga,MC
Konstantinos Mavropanos,DC
Dan Burn,DG
Hee-Chan Hwang,BU
Antony,AD
Dominic Solanke,BU
Danny Ings,BU
Aaron Wan-Bissaka,DD
Vitaly Janelt,MC
Timo Werner,AG
Nathaniel Clyne,DC
Kobbie Mainoo,MDC
Sven Botman,DC
Gonzalo Montiel,DD
Victor Lindelöf,DC
Mathias Jørgensen,DC
Emerson,DG
Scott McTominay,MDC
Matt Turner,G
Sean Longstaff,MC
James Garner,MC
Jamaal Lascelles,DC
Morgan Rogers,MG
Saïd Benrahma,AG
Jacob Ramsey,MG
Matheus Nunes,MDC
Taiwo Awoniyi,BU
Tom Lockyer,DC
Sander Berge,MC
Tote Gomes,DC
Kurt Zouma,DC
Clément Lenglet,DC
James Milner,DD
Matt Doherty,MD
Brennan Johnson,AD
Kristoffer Ajer,DC
Joelinton,MC
Marcus Tavernier,AG
Dominic Calvert-Lewin,BU
Timothy Castagne,DD
Danilo,MDC
Mikkel Damsgaard,MC
Tyrick Mitchell,DG
Dango Ouattara,DG
Mads Andersen,DC
Calvin Bassey,DC
Emil Krafth,DC
Kenny Tete,DD
Ryan Christie,MDC
Dwight McNeil,MG
Edson Álvarez,MDC
Matty Cash,DD
Anthony Elanga,AD
Chris Mepham,DC
Ryan Yates,MDC
Lucas Digne,DG
Rico Henry,DG
Arnaut Danjuma,MG
Facundo Buonanotte,AD
Saša Lukić,MDC
Pablo Sarabia,MOC
Abdoulaye Doucouré,MOC
Carlos Baleba,MDC
Sam Johnstone,G
Mahmoud Dahoud,MDC
Jordan Beyer,DC
Lisandro Martínez,DC
Lewis Cook,MDC
Frank Onyeka,MC
Ola Aina,DG
Murillo,DC
Radu Drăgușin,DC
Ben Godfrey,DD
Tim Ream,DC
Adam Smith,DD
Illia Zabarnyi,DC
James Hill,DG
Ben Mee,DC
Luke Shaw,DG
Rasmus Højlund,BU
Neco Williams,DD
Moussa Niakhaté,DC
Issa Diop,DC
Teden Mengi,DC
Nayef Aguerd,DC
Diego Carlos,DC
Wilson Odobert,MG
Sandro Tonali,MC
Joe Willock,MC
Elijah Adebayo,BU
Matz Sels,G
Vladimír Coufal,DD
Amari'i Bell,DC
Odysseas Vlachodimos,G
Reece Burke,DC
Raúl Jiménez,BU
João Gomes,MC
Ben Brereton,BU
Aaron Hickey,DD
Lewis Miley,MC
Sèrge Aurier,DD
Ivo Grbić,G
Aaron Ramsdale,G
Michael Keane,DC
Sofyan Amrabat,MDC
Nuno Tavares,DG
Will Hughes,MC
Lloyd Kelly,DG
Jason Steele,G
Joe Worrall,DC
Alex Scott,MOC
Gabriel Osho,DC
Angelo Ogbonna,DC
Oliver McBurnie,BU
Carlton Morris,BU
Jack Harrison,MD
Jacob Bruun Larsen,MG
Miguel Almirón,BU
Nathan Fraser,BU
Jakub Moder,MOC
Justin Kluivert,MOC
Séamus Coleman,DD
Andrew Omobamidele,DC
Danny Welbeck,BU
Keane Lewis-Potter,BU
Gio Reyna,AD
Andreas Pereira,MOC
Joel Ward,DD
Eric Dier,DC
Oscar Bobb,AG
Jay Rodríguez,BU
Nélson Semedo,MD
Charlie Taylor,DG
Jack Robinson,DC
Harry Wilson,AD
Harry Toffolo,DG
Carney Chukwuemeka,MOC
Josh Brownhill,MC
Ibrahim Sangaré,MC
Ben Chilwell,MG
Bobby Reid,AD
Maxime Estève,DC
Rodrigo Bentancur,MDC
Evan Ferguson,BU
Alfie Doughty,MG
Felipe,DC
Jurriën Timber,DG
Saša Kalajdžić,BU
Thomas Doyle,MC
Mads Roerslev,MD
Marvelous Nakamba,MC
Jeffrey Schlupp,AG
Max Aarons,DD
Alfie Gilchrist,DD
Mathias Jensen,MC
Nathan Patterson,DD
Miloš Kerkez,DG
Issa Kaboré,MD
Cameron Archer,BU
Omari Nathan Forson,AD
Orel Mangala,MC
Ansu Fati,AG
Philip Billing,MOC
Armando Broja,BU
Santiago Bueno,DC
Hjalmar Ekdal,DC
Christian Eriksen,MDC
Andros Townsend,MOC
Michail Antonio,BU
Lyle Foster,BU
Anel Ahmedhodžić,DC
Zeki Amdouni,BU
Vinicius Souza,MC
Anthony Martial,BU
Harrison Reed,MDC
Pablo Fornals,MG
Yasser Larouci,MG
Tahith Chong,MOC
Christopher Nkunku,BU
Auston Trusty,DC
Ian Maatsen,AD
George Baldock,DC
Ollie Arblaster,MC
Adam Lallana,MOC
David Datro Fofana,BU
Connor Roberts,DD
Gustavo Hamer,MC
Daniel Bentley,G
Jordan Clark,MOC
André Gomes,MC
Ashley Young,DD
Saman Ghoddos,DD
David Brooks,AD
Lorenz Assignon,DD
Jacob Brown,MOC
Boubacar Traoré,MC
Fábio Silva,BU
Mason Mount,MDC
Joe Rothwell,MDC
Victor Vitinho,DD
Jayden Bogle,MD
Jóhann Berg Guðmunds­son,MD
Beto,BU
Hannes Delcroix,DG
Chris Basham,DC
Ameen Al-Dakhil,DC
Ryan John Giles,MG
Shandon Baptiste,MC
Carlos Vinícius,BU
Oliver Norwood,MC
Bryan Gil,AG
Luke Thomas,MG
James McAtee,MD
Lesley Ugochukwu,MDC
Ionuț Radu,G
Ben Osborn,MG
Yehor Yarmoliuk,MC
Aaron Cresswell,DG
Ben Johnson,DD
Luca Koleosho,MG
Matt Targett,DG
Odeluga Offiah,DD
Mason Holgate,DC
Jean-Ricner Bellegarde,MC
John Egan,DC
Max Lowe,MG
Facundo Pellistri,AD
Nicolò Zaniolo,AG
Aaron Ramsey,MD
Jaïro Riedewald,MC
Tom Davies,MC
Cheikhou Kouyaté,MC
Jaidon Anthony,AG
Andre Chance Brooks,MC
Valentín Barco,DG
John Fleck,MC
Divock Origi,AD
Leon Chiwome,BU
Kalvin Phillips,MDC
Cauley Woodrow,BU
Bobby Clark,MC
Hugo Bueno,MG
Pelly Ruddock Mpanzu,MC
Lewis Dobbin,MG
Daiki Hashioka,DC
William Osula,BU
Willy Kambwala,DC
Rhys Norrington-Davies,DLG
Rhian Brewster,BU
Tim Iroegbunam,MDC
Anass Zaroury,BU
Mike Trésor,MG
Luke Berry,MC
Bénie Traoré,BU
Tawanda Chirewa,BU
Anis Ben Slimane,MOC
Matheus França,MG
Jhon Durán,BU
Benson Manuel,MD
Mark O'Mahony,BU
Fred Onyedinma,MD
Calum Chambers,MC
Adam Davies,G
César Azpilicueta,DEF
Sam Surridge,ATT
Mark Gillespie,G
James Wright,G
Iliman Ndiaye,ATT
Dion Sanderson,DEF
Davinson Sánchez,DEF
Scott Banks,ATT
Omar Rekik,DEF
Richie Laryea,DEF
Owen Dodgson,DEF
George Robert Earthy,MIL
Steven Alzate,MIL
Daniel Lewis Gore,MIL
Seb Revan,DEF
Alejo Véliz,ATT
Tom Heaton,G
Giulian Biancone,DEF
Ollie Harrison,MIL
Mads Bidstrup,MIL
Louie Barry,ATT
Alfie Whiteman,G
Han-Noah Massengo,MIL
Marc Leonard,MIL
Lyle Taylor,ATT
Aidan Francis-Clarke,DEF
Thilo Kehrer,DEF
Luke Mbete,DEF
Paul Dummett,DEF
Josh Bowler,MIL
Esapa Osong,ATT
Sam Adrian Proctor,G
Jake Cain,MIL
Aidan Harris,G
Tyrell Malacia,DEF
Matthew Craig,MIL
Moise Kean,ATT
Bruno Jordão,MIL
Ethan Horvath,G
Chem Campbell,MIL
Layton Stewart,ATT
Regan Clayton,DEF
Ryan Oné,ATT
Javier Manquillo,DEF
Harry Arter,MIL
Aaron Charlie Bott,G
Wesley Fofana,DEF
Charlie McNeill,ATT
Leigh Kavanagh,DEF
Tom Holmes,DEF
Aymeric Laporte,DEF
Harry Boyes,DEF
Michael Golding,MIL
Wesley Okoduwa,ATT
Maksim Paskotši,DEF
Nico O'Reilly,MIL
Gustavo Scarpa,MIL
Ashley Phillips,DEF
Bobby Craig Thomas,DEF
Ziyad Larkeche,DEF
Xavier Simons,MIL
Joe Taylor,ATT
Andy Lonergan,G
Omar Richards,DEF
Callan McKenna,G
Ronnie Stutter,ATT
Euan George Pollock,ATT
Freddie Potts,MIL
Cătălin Cîrjan,MIL
Harvey Peter Davies,G
Michael Olakigbe,ATT
Shola Shoretire,ATT
James Sweet,DEF
Tyrese Francois,MIL
Luca Stephenson,MIL
Jimi Tauriainen,MIL
Tyler Morton,MIL
Jay Stansfield,ATT
Lamare Bogarde,DEF
Alex Oxlade-Chamberlain,MIL
Haydon Roberts,DEF
Aaron Connolly,ATT
Jenson Metcalfe,MIL
Khayon Edwards,ATT
Joshua Alan Powell,MIL
Owen Beck,DEF
Finn Azaz,MIL
Tristan Crama,DEF
Owen Lucas Bevan,DEF
Alex Mighten,ATT
Jacob Wright,MIL
Conor Michael John Lawless,ATT
Harvey Vale,MIL
Philippe Coutinho,MIL
Lucas Moura,ATT
Donny van de Beek,MIL
Lucas De Bolle,MIL
Jake O'Brien,DEF
Callum Latif Olusesi,MIL
Elyh Harrison,G
Halil Dervişoğlu,ATT
Daniel Edward Peter Imray,DEF
Zak Brunt,MIL
Will Swan,ATT
Joshua Keeley,G
Florin Andone,ATT
Zack Nelson,MIL
Kofi Balmer,MIL
Daniel Langley,G
Demarai Gray,ATT
Wesley Moraes,ATT
Keinan Davis,ATT
Kortney Hause,DEF
Myles Lewis-Skelly,MIL
Aleksandar Mitrović,ATT
Michał Karbownik,DEF
Matthew Cox,G
Cameron Plain,G
Stanley Mills,MIL
Casey Pettit,MIL
Brandon Austin,G
Oluwafemi Ibrahim Seriki,DEF
Samuel Bastien,MIL
Youssef Chermiti,BU
Matěj Kovář,G
Adler Nascimento,ATT
Marc Jurado,DEF
Josh Dasilva,MIL
Naby Keïta,MIL
Daniel Chesters,MIL
Remi Matthews,G
Alex Matos,ATT
Roméo Lavia,MIL
Emiliano Marcondes,MIL
Luca Barrington,ATT
Rhys Williams,DEF
Jili Buyabu,DEF
Riley-Jay Harbottle,DEF
Nathaniel Phillips,DEF
Leighton Clarkson,MIL
Tyreece John-Jules,ATT
Paulo Gazzaniga,G
Sam Amissah,DEF
Omari Kellyman,MIL
Conor Coventry,MIL
Harvey James Duke Isted,G
Josh Duffus,ATT
Joe Whitworth,G
Sergio Gómez,MIL
Lewis Gibson,DEF
Abdul Rahman Baba,DEF
Terence Kongolo,DEF
Tom McGill,G
Kaden Rodney,MIL
Kepa Arrizabalaga,G
Krisztián Hegyi,G
Loïc Mbe Soh,DEF
Lewis Orford,MIL
Gabriel Słonina,G
Emmanuel Longelo,DEF
Jamie McDonnell,MIL
Marcelo Pitaluga,G
Josh Brooking,DEF
Alfie Sean Devine,MIL
Arthur Masuaku,DEF
Enock Agyei,ATT
Renan Lodi,DEF
Hamed Junior Traorè,MIL
Harvey White,MIL
Ryan Astley,DEF
Ben Chrisene,DEF
Niels Nkounkou,DEF
Sai Sachin Rony Sachdev,DEF
Harrison Neal,MIL
Christian Saydee,ATT
Joe Anthony Gauci,G
Tyrese Shaun Hall,MIL
Keenan Appiah-Forson,MIL
Dane Scarlett,ATT
Tyrique George,ATT
Cafú,MIL
Amario Cozier-Duberry,MIL
Tino Anjorin,MIL
Brandon Williams,DEF
Jack Cork,MIL
Thiago,MIL
Jack Spong,MIL
Steven Benda,G
Gianluca Scamacca,ATT
Malachi Boateng,MIL
Harry Winks,MIL
Carl Rushworth,G
Kosta Nedeljković,DEF
André Ayew,ATT
Charlie Sayers,DEF
Rodrigo Ribeiro,ATT
Tiémoué Bakayoko,MIL
Isak Hansen-Aarøen,MIL
Lino Sousa,DEF
Ethan Ampadu,DEF
Kadan Young,ATT
Ciarán Thomas Brennan,DEF
Owen Goodman,G
Glen Rea,DEF
George Wickens,G
Yasin Ayari,MIL
Zack Steffen,G
Max Merrick,G
Dion Enrico Pereira Greives,MIL
Habeeb Ogunneye,DEF
Braian Ojeda,MIL
Tyrese Fornah,MIL
Fabinho,MIL
Yago Santiago,MIL
Nathan Redmond,MIL
Miguel Azeez,MIL
Nathan Baxter,G
Franco Umeh-Chibueze,ATT
Josh Williams,DEF
Toby Collyer,MIL
James Huntley,MIL
Rob Holding,DEF
Riyad Mahrez,ATT
Billy Crellin,G
Manuel Lanzini,MIL
Marek Rodák,G
Luizão,DEF
Conrad Egan-Riley,DEF
Louie Watson,MIL
Harvey Griffiths,MIL
Owen Hampson,MIL
Christian Chigozie,MIL
Pablo Marí,DEF
Harrison Ashby,DEF
Dovydas Sasnauskas,DEF
Emilio Ballard-Matthews,ATT
Taylan Harris,ATT
Daniel Sassi,DEF
Billy Gee,DEF
Flynn Downes,MIL
Delano McCoy-Splatt,MIL
Djed Spence,DEF
Claudio Echeverri,MIL
Zach Abbott,DEF
Ben Jackson,DEF
Max Alleyne,DEF
Owen Hesketh,MIL
Jack Wells-Morrison,MIL
Luciano D'Auria-Henry,DEF
João Cancelo,DEF
Ted Curd,G
Bertrand Traoré,MIL
Darren Randolph,G
Alex Robertson,MIL
Isaac Hayden,MIL
Ismaila Coulibaly,MIL
Andrew Moran,MIL
Matt Ritchie,MIL
Jonathan Otto,DEF
True Grant,G
Conor Coady,DEF
George Shelvey,G
Harry Kane,ATT
Alfie James Pond,DEF
Ed Turns,DEF
Joe Rodon,DEF
Cameron Peupion,MIL
Calum Scanlon,DEF
Divin Mubama,ATT
Charlie Patino,MIL
Luke Freeman,MIL
Keylor Navas,G
Thierry Nevers,ATT
Harrison Murray-Campbell,DEF
Lewis Fiorini,MIL
Joshua Tyler Neufville,MIL
Luc De Fougerolles,DEF
Noël Atom,DEF
Jack Hinchy,MIL
Adrián,G
Romain Faivre,MIL
Justin Hubner,DEF
Jadon Sancho,ATT
Arthur Okonkwo,G
Ivan Perišić,MIL
Emmanuel Dennis,ATT
Jake John Philip Burger,MIL
Benjamin Chiemela Fredrick,DEF
Ryan Fraser,MIL
Fábio Carvalho,MIL
Elijah Xavier Campbell,DEF
Gonçalo Guedes,ATT
Emiliano Buendía,MIL
Levi Laing,DEF
James Furlong,DEF
Joe Hodge,MIL
Bendegúz Bolla,DEF
Liam Delap,ATT
Ryan Fredericks,DEF
Taylor Perry,MIL
Benjamin Mendy,DEF
Travis Patterson,ATT
Reuell Walters,DEF
Jake Eastwood,G
Admiral Dalindlela Muskwe,ATT
João Félix,ATT
Elliot Thorpe,MIL
Tommi O'Reilly,MIL
Leo Castledine,MIL
Joseph Brennen Hugill,ATT
Ateef Konaté,MIL
Sonny Aljofree,DEF
Shea Charles,MIL
Kieron Bowie,ATT
Taylor Foran,DEF
David Boateng,DEF
Nathan Ferguson,DEF
Stefan Bajčetić,MIL
Zachariah Daniel Robert Marsh,ATT
Bashir Humphreys,DEF
Tom King,G
Dylan Riley Williams,DEF
Maxi Oyedele,MIL
Lewis Warrington,MIL
Lukas Bornhøft Jensen,G
Kiano Dyer,MIL
Mahamadou Susoho,MIL
Ui-Jo Hwang,ATT
Will Norris,G
David Ozoh,MIL
Ruben Loftus-Cheek,MIL
Mason Burstow,ATT
Micah Hamilton,MIL
Teddy Jenks,MIL
Scott Carson,G
Cieran Peter Slicker,G
Louie Joseph Marsh,ATT
İlkay Gündoğan,MIL
Caleb Chukwuemeka,ATT
Luke Cundle,MIL
Christian Marques,DEF
Nigel Lonwijk,DEF
Deniz Undav,ATT
Jack Colback,MIL
Axel Piesold,MIL
Melkamu Frauendorf,MIL
Charles Sagoe Jr,ATT
Fred,MIL
Taylor Harwood-Bellis,DEF
Granit Xhaka,MIL
Henrique Arthur,MIL
Steve Cook,DEF
Anthony Knockaert,MIL
Darko Churlinov,ATT
Matthew Smith,MIL
Daniel Jebbison,ATT
Vincent Angelini,G
Gavin Kilkenny,MIL
Noha Lemina,ATT
Ryan Trevitt,MIL
Val Adedokun,DEF
João Virginia,G
Kieran Tierney,DEF
Benjamin Arthur,DEF
Zidane Iqbal,MIL
Michael Dacosta,ATT
Jacob Christopher Knightbridge,G
Ben Pearson,MIL
Theo Corbeanu,MIL
Ethan Brierley,MIL
Remo Freuler,MIL
Ty Barnett,ATT
Denis Franchi,G
Lorent Tolaj,ATT
Andy Irving,MIL
Allan Saint-Maximin,ATT
George Abbott,MIL
Marcus Bettinelli,G
Wilfried Zaha,ATT
Jonjo Shelvey,MIL
Dale Taylor,ATT
Josh Acheampong,DEF
Jeremy Sarmiento,ATT
Billy Fewster,MIL
Yunus Emre Konak,MIL
Luka Milivojević,MIL
Yankuba Minteh,ATT
Tim Krul,G
Cameron Ferguson,ATT
Adrian Mazilu,ATT
Hakim Ziyech,MIL
Allan Campbell,MIL
Luke Plange,ATT
Maxwell Kinsey-Wellings,DEF
Matthew Whittingham,MIL
Mauro Gomes Bandeira,MIL
Seán Grehan,DEF
Folarin Balogun,ATT
Jackson Smith,G
John McAtee,ATT
Taylor Richards,MIL
Killian Phillips,MIL
Hayao Kawabe,MIL
Sydie frederick Peck,MIL
Bradley Ibrahim,MIL
Lander Emery,G
Benicio Baker-Boaitey,ATT
Kieffer Moore,ATT
Adam Lewis,DEF
Ji-Soo Kim,DEF
Reda Khadra,MIL
Jayden Wareham,ATT
Enso González,ATT
Malachi Fagan-Walcott,DEF
Ben Doak,ATT
Fletcher Holman,MIL
Alex Rúnarsson,G
Andrey Santos,MIL
John-Kymani Gordon,ATT
Malang Sarr,DEF
Lucas Bergström,G
Eric Bailly,DEF
Édouard Mendy,G
Joe Johnson,DEF
Zak Norton Sturge,DEF
Max Robson,MIL
Ellery Balcombe,G
Tayo Adaramola,DEF
Ayden Heaven,DEF
Wout Weghorst,ATT
Fraser Forster,G
Dermot Mee,G
Pierre Ekwah,MIL
Dujuan Richards,ATT
Axel Tuanzebe,DEF
Vítězslav Jaroš,G
Jensen Weir,MIL
Omari Hutchinson,MIL
Kelland Watts,DEF
Ki-Jana Hoever,DEF
Pierre-Emerick Aubameyang,ATT
Antwoine Hackford,ATT
N'Golo Kanté,MIL
Kaelan Casey,DEF
Temple Ojinnaka,MIL
Brooke Norton-Cuffy,DEF
Jean-Philippe Gbamin,MIL
Luke McNally,DEF
Vicente Guaita,G
Josh King,MIL
Yerson Mosquera,DEF
Romelu Lukaku,ATT
Alex Telles,DEF
Dominic dos Santos Martins,MIL
Kaide Gordon,ATT
Max Reuben Woltman,MIL
Ivan Cavaleiro,ATT
Harry Clarke,DEF
Thomas Charlie Wooster,G
Kalidou Koulibaly,DEF
Nathan Butler-Oyedeji,ATT
Wayne Hennessey,G
James Shea,G
Joe Bryan,DEF
Radek Vítek,G
Aaron Keto-Diyawa,DEF
Naouirou Ahamada,MIL
Roshaun Andre Mathurin,ATT
Joseph Anang,G
Deivid Washington,ATT
Rhys Bennett,DEF
Brandon Aguilera,MIL
Fabian Mrozek,G
Jordan Amissah,G
Denis Zakaria,MIL
Michael Forbes,DEF
Paul Glatzel,ATT
Mipo Odubeko,ATT
Máximo Perrone,MIL
Romaine Mundle,MIL
Scott Twine,MIL
Nikola Vlašić,MIL
Altay Bayındır,G
Nathan Bishop,G
Jayden Danns,ATT
Luca Gunter,G
Cédric,DEF
Eddie Beach,G
Matt Dibley-Dias,MIL
Joe O'Shaughnessy,G
Diego Rosa,MIL
Taye Ashby-Hammond,G
Myles Spencer Peart-Harris,MIL
Matt Macey,G
Luke Harris,MIL
Kaine Kesler-Hayden,DEF
Viljami Sinisalo,G
Joe White,MIL
Chiquinho,ATT
Kristian Šekularac,MIL
Kallum Cesay,MIL
Mads Sørensen,DEF
Sam Curtis,DEF
Logan Pye,DEF
Nathan Moriah-Welsh,MIL
Japhet Tanganga,DEF
Mackenzie Hunt,MIL
Mason Greenwood,ATT
Bailey Peacock-Farrell,G
Joseph Charles Gardner,ATT
Oliver Scarles,DEF
Jayden Luker,MIL
Michael Obafemi,ATT
Amara Nallo,DEF
Marcel Sabitzer,MIL
Matija Šarkić,G
Kevin Mbabu,DEF
Dara Costelloe,ATT
Jamie Cumming,G
Anderson Arroyo,DEF
Troy Parrott,ATT
Harry Tyrer,G
Hákon Rafn Valdimarsson,G
Oliver Hammond,MIL
Diego Moreira,ATT
Álvaro Carreras,DEF
Jack Butland,G
Jamal Lewis,DEF
Kjell Scherpen,G
Luca Ashby-Hammond,G
Andi Zeqiri,ATT
Josh Wilson-Esbrand,DEF
Filip Marschall,G
Imari Samuels,DEF
Alex Gibson-Hammond,MIL
Tom Cannon,ATT
Hugo Lloris,G
Jaden Philogene,MIL
Calvin Ramsay,DEF
Jordan Smith,G
Alfie Dorrington,DEF
Roberto Firmino,ATT
Yangel Herrera,MIL
Evan Easton,DEF
Ademola Ola-Adebomi,ATT
Alex Murphy,DEF
Travis Enrique Hernes,MIL
Ryan Sessegnon,MIL
Trey Nyoni,MIL
Ethan Laird,DEF
Lawrence Vigouroux,G
Karl Darlow,G
Mazeed Ogungbo,DEF
Louis Jackson,DEF
Tanguy Ndombélé,MIL
James Balagizi,MIL
Marqes Muir,DEF
Jamie Donley,ATT
Jeff Hendrick,MIL
Slobodan Tedić,ATT
Aaron Donnelly,DEF
Michael Ndiweni,ATT
Adam Alan Harrison,G
Oliwier Zych,G
Mohamed Dräger,DEF
Dele Alli,MIL
Justin Devenny,MIL
Finley Christopher Ryan Munroe,DEF
Nicolas Pépé,ATT
Callum Marshall,ATT
James Tomkins,DEF
Noam Emeran,ATT
Ethan Wheatley,ATT
José Mateo Mejía Piedrahita,ATT
Joshua Philip Feeney,DEF
Mohamed Elneny,MIL
Sergi Canós,MIL
Nile John,MIL
James McConnell,MIL
Loïc Badé,DEF
Ethan Nwaneri,MIL
Karl Hein,G
Teddy Samuel Sharman-Lowe,G
James Norris,DEF
Sean McAllister,MIL
Matthew Lowton,DEF
Yan Couto,DEF
Lewis O'Brien,MIL
Jesurun Rak-Sakyi,MIL
Christian Pulišić,MIL
Finley Marjoram,MIL
Ainsley Maitland-Niles,MIL
Mateusz Musiałowski,MIL
James Hillson,G
Harry Amass,DEF
Alexander Paul Borto,G
Daniel Adu-Adjei,MIL
Marcel Lewis,MIL
Will Lankshear,ATT
Samy Chouchane,MIL
Jordan Henderson,MIL
Ciaran Clark,DEF
Dan Potts,DEF
Tarique Fosu,MIL
Lewis Koumas,ATT
Jamal Baptiste,DEF
Billy Blacker,ATT
Ben Knight,MIL
Kamarai Swyer,MIL
Devan Austin Tanton Pedraza,DEF
Connor McAvoy,DEF
Ben Greenwood,DEF
Ishé Samuels-Smith,DEF
Siriki Dembélé,MIL
Joel Valencia,MIL
Ethan Galbraith,MIL
Salah-Eddine Oulad M'Hand,MIL
Mikey Steven Danny Moore,MIL
Aribusitamunoipirim Emmanuel Pepple,ATT
Jonathan Panzo,DEF
Jesse Lingard,MIL
Dominic Sadi,MIL
Carlos Mendes Gomes,ATT
Fin Back,DEF
Jadan Raymond,MIL
Aaron Alex Pressley,ATT
Tyler Jaden Napier Edward Onyango,MIL
Charlie Goode,DEF
Jay Turner-Cooke,MIL
Will Fish,DEF
Luke Chambers,DEF
Charlie Savage,MIL
Ângelo,ATT
Marquinhos,ATT
Thomas Hill,MIL
Daniel Podence,MIL
Malcolm Ebiowei,ATT
Idris Adewale Olarewaju Odutayo,DEF
Cesare Casadei,MIL
Steven Sessegnon,DEF
Fodé Ballo-Touré,DEF
Sam McClelland,DEF
